decimalLongitude,decimalLatitude,eventDate,basisOfRecord,datasetName,occurrenceStatus,depth,source,species
98.676667,7.667778,1964-12-02,PreservedSpecimen,NA,NA,0.91,OBIS,Amphiprion_akallopisos
43.6527777778,-12.4052777778,1988-11-26T12:00:00Z,HumanObservation,NA,NA,NA,OBIS,Amphiprion_akallopisos
46.3305500007936,-9.36686501031066,2021-12,HumanObservation,NA,present,NA,OBIS,Amphiprion_akallopisos
39.569757,-4.350391,1964-09-30,PreservedSpecimen,NA,NA,NA,OBIS,Amphiprion_akallopisos
92.75,12.5,1853-07-02T12:00:00Z,HumanObservation,NA,present,NA,OBIS,Amphiprion_akallopisos
44.4,-12.1583333333,1988-11-19T12:00:00Z,HumanObservation,NA,NA,NA,OBIS,Amphiprion_akallopisos
106.836997986,-6.07899999619,NA,HumanObservation,NA,NA,NA,OBIS,Amphiprion_akallopisos
55.503889,-4.619444,1964-10-27,PreservedSpecimen,NA,NA,NA,OBIS,Amphiprion_akallopisos
48.2000007629,-13.4083328247,1964-02-15T12:00:00Z,PreservedSpecimen,NA,NA,NA,OBIS,Amphiprion_akallopisos
35.5,-21.666666,NA,PreservedSpecimen,NA,present,NA,OBIS,Amphiprion_akallopisos
39.2833,-6.71667,1979,PreservedSpecimen,Fish,NA,NA,OBIS,Amphiprion_akallopisos
44.4888877869,-12.0874996185,1988-11-20T12:00:00Z,PreservedSpecimen,NA,NA,NA,OBIS,Amphiprion_akallopisos
55.47575,-4.615897,1964-10-27,PreservedSpecimen,NA,NA,NA,OBIS,Amphiprion_akallopisos
93,10,1853-07-02T12:00:00Z,HumanObservation,NA,NA,NA,OBIS,Amphiprion_akallopisos
35.483334,-23.85,1951-09-13,PreservedSpecimen,NA,present,NA,OBIS,Amphiprion_akallopisos
35.558333,-22.843333,NA,PreservedSpecimen,NA,present,26,OBIS,Amphiprion_akallopisos
55.666668,-4.582778,1853,HumanObservation,NA,present,NA,OBIS,Amphiprion_akallopisos
32.683334,-27.516666,1979-04-20,PreservedSpecimen,NA,present,NA,OBIS,Amphiprion_akallopisos
97.636,8.572,1992-04-19/1992-04-22,HumanObservation,Asia-Pacific Dataset,Present,NA,OBIS,Amphiprion_akallopisos
45.225,-12.7433333333,1988-11-11T12:00:00Z,HumanObservation,NA,NA,NA,OBIS,Amphiprion_akallopisos
45.2216682434,-12.9483337402,1988-11-13T12:00:00Z,PreservedSpecimen,NA,NA,NA,OBIS,Amphiprion_akallopisos
99.253,6.544,1994-12-13/1994-12-14,HumanObservation,Asia-Pacific Dataset,Present,NA,OBIS,Amphiprion_akallopisos
106.570831299,-5.85694408417,1974-04-05T11:30:00Z,PreservedSpecimen,NA,NA,5,OBIS,Amphiprion_akallopisos
45.2216666667,-12.9483333333,1988-11-13T12:00:00Z,HumanObservation,NA,NA,NA,OBIS,Amphiprion_akallopisos
45.2249984741,-12.7433328629,1988-11-11T12:00:00Z,PreservedSpecimen,NA,NA,NA,OBIS,Amphiprion_akallopisos
39.666668,-5.133333,1952-11-28,PreservedSpecimen,NA,present,NA,OBIS,Amphiprion_akallopisos
98.481,7.761,1994-08-15/1994-08-16,HumanObservation,Asia-Pacific Dataset,Present,NA,OBIS,Amphiprion_akallopisos
98.3791666667,7.60388888889,1993-11-17T12:00:00Z,HumanObservation,NA,NA,NA,OBIS,Amphiprion_akallopisos
46.2066688538,-9.39833259583,1967-08-25T13:30:00Z,PreservedSpecimen,NA,NA,3,OBIS,Amphiprion_akallopisos
55.6666679382,-4.58277797699,1853-07-02T12:00:00Z,HumanObservation,NA,NA,NA,OBIS,Amphiprion_akallopisos
72.5,11,1853,HumanObservation,NA,present,NA,OBIS,Amphiprion_akallopisos
40.116665,-3.2,1952-10-05,PreservedSpecimen,NA,present,NA,OBIS,Amphiprion_akallopisos
55.716667,-4.65,1964-10-18,PreservedSpecimen,NA,NA,1.22,OBIS,Amphiprion_akallopisos
39.183334,-6.166667,1952-09-18,PreservedSpecimen,NA,present,NA,OBIS,Amphiprion_akallopisos
45.0380555556,-12.6727777778,1988-11-17T12:00:00Z,HumanObservation,NA,NA,NA,OBIS,Amphiprion_akallopisos
98.3958333333,7.78611111111,1993-11-10T12:00:00Z,HumanObservation,NA,NA,NA,OBIS,Amphiprion_akallopisos
55.500833,-4.611667,1964-10-16,PreservedSpecimen,NA,NA,3.05,OBIS,Amphiprion_akallopisos
43.375,-11.859445,1991-10-19,PreservedSpecimen,NA,present,NA,OBIS,Amphiprion_akallopisos
110.004447937,-7.49166679382,1853-07-02T12:00:00Z,HumanObservation,NA,NA,NA,OBIS,Amphiprion_akallopisos
98.347,9.483,1992-12-03,HumanObservation,Asia-Pacific Dataset,Present,NA,OBIS,Amphiprion_akallopisos
44.2166671753,-20.3833332062,1853-07-02T12:00:00Z,HumanObservation,NA,NA,NA,OBIS,Amphiprion_akallopisos
48.3816680908,-13.4361114502,1964-02-14T12:00:00Z,PreservedSpecimen,NA,NA,NA,OBIS,Amphiprion_akallopisos
72.0986,16.4806,2019-12-24/2019-12-27,HumanObservation,NA,present,24,OBIS,Amphiprion_akallopisos
106.836998,-6.078999996,2006-03-22,PreservedSpecimen,Ocean Genome Legacy Collection,present,NA,OBIS,Amphiprion_akallopisos
43.265999,-11.559908,1975-02-23,PreservedSpecimen,NA,NA,20,OBIS,Amphiprion_akallopisos
40.650002,-15.033334,1961-09-05,PreservedSpecimen,NA,present,NA,OBIS,Amphiprion_akallopisos
40.36666667,-22.36666667,2011,HumanObservation,NA,present,NA,OBIS,Amphiprion_akallopisos
45.0744444444,-12.6730555556,1988-11-15T12:00:00Z,HumanObservation,NA,NA,NA,OBIS,Amphiprion_akallopisos
43.6599998474,-12.3583335876,1988-11-28T12:00:00Z,PreservedSpecimen,NA,NA,NA,OBIS,Amphiprion_akallopisos
45.216667,-12.983334,1986-10-31,PreservedSpecimen,NA,present,NA,OBIS,Amphiprion_akallopisos
32.616665,-27.83,1980-04-21,PreservedSpecimen,NA,present,NA,OBIS,Amphiprion_akallopisos
45.0380554199,-12.6727781296,1988-11-17T12:00:00Z,PreservedSpecimen,NA,NA,NA,OBIS,Amphiprion_akallopisos
99.211,7.417,1992-02-29,HumanObservation,Asia-Pacific Dataset,Present,NA,OBIS,Amphiprion_akallopisos
40.116665,-4.65,1952-11-21,PreservedSpecimen,NA,present,NA,OBIS,Amphiprion_akallopisos
46.3493133811656,-9.42222923790892,NA,HumanObservation,NA,present,NA,OBIS,Amphiprion_akallopisos
44.3833,-12.1667,1964-08-21,PreservedSpecimen,Bishop Museum Fish Specimens,present,5,OBIS,Amphiprion_akallopisos
110.00445,-7.491667,1853,HumanObservation,NA,present,NA,OBIS,Amphiprion_akallopisos
99.069,7.213,1992-02-26,HumanObservation,Asia-Pacific Dataset,Present,NA,OBIS,Amphiprion_akallopisos
44.3175,-12.1858333333,1988-11-21T12:00:00Z,HumanObservation,NA,NA,NA,OBIS,Amphiprion_akallopisos
45.2566680908,-12.7683334351,1988-11-11T12:00:00Z,PreservedSpecimen,NA,NA,NA,OBIS,Amphiprion_akallopisos
43.248641,-11.696886,1975-02,PreservedSpecimen,NA,NA,10,OBIS,Amphiprion_akallopisos
46.2480545044,-9.38055610657,1964-12-04T13:00:00Z,PreservedSpecimen,NA,NA,5,OBIS,Amphiprion_akallopisos
43.016666,-11.816667,1986-10-13,PreservedSpecimen,NA,present,NA,OBIS,Amphiprion_akallopisos
32.693333,-27.490833,1997-08-13,PreservedSpecimen,NA,present,33,OBIS,Amphiprion_akallopisos
44.4888888889,-12.0875,1988-11-20T12:00:00Z,HumanObservation,NA,NA,NA,OBIS,Amphiprion_akallopisos
35.55830002,-22.84329987,2010-01-01,PreservedSpecimen,Ocean Genome Legacy Collection,present,26,OBIS,Amphiprion_akallopisos
39.25,-6.86667,1970-06-07,PreservedSpecimen,Fish,NA,NA,OBIS,Amphiprion_akallopisos
46.438331604,-9.36499977112,1967-09-14T08:30:00Z,PreservedSpecimen,NA,NA,3,OBIS,Amphiprion_akallopisos
32.883301,-26.766701,1995-11-03,PreservedSpecimen,NA,present,25,OBIS,Amphiprion_akallopisos
48.366665,-13.416667,1995-09-05,PreservedSpecimen,NA,present,13.5,OBIS,Amphiprion_akallopisos
32.68,-27.54,NA,D,NA,NA,NA,OBIS,Amphiprion_akallopisos
40.766666,-14.216666,NA,PreservedSpecimen,NA,present,NA,OBIS,Amphiprion_akallopisos
44.216667,-20.383333,1853,HumanObservation,NA,present,NA,OBIS,Amphiprion_akallopisos
45.0744438171,-12.6730556488,1988-11-15T12:00:00Z,PreservedSpecimen,NA,NA,NA,OBIS,Amphiprion_akallopisos
47.666668,-10.083333,1954-11-07,PreservedSpecimen,NA,present,NA,OBIS,Amphiprion_akallopisos
39.3333,-6.86667,1970-10-30,PreservedSpecimen,Fish,NA,NA,OBIS,Amphiprion_akallopisos
46.2083320618,-9.39333343506,1967-08-18T10:30:00Z,PreservedSpecimen,NA,NA,3,OBIS,Amphiprion_akallopisos
44.4000015259,-12.1583328247,1988-11-19T12:00:00Z,PreservedSpecimen,NA,NA,NA,OBIS,Amphiprion_akallopisos
98.9407,5.6802,2004-05/2006-01,HumanObservation,Asia-Pacific Dataset,Present,22.5,OBIS,Amphiprion_akallopisos
98.3791656494,7.60388898849,1993-11-17T12:00:00Z,PreservedSpecimen,NA,NA,NA,OBIS,Amphiprion_akallopisos
43.66,-12.3583333333,1988-11-28T12:00:00Z,HumanObservation,NA,NA,NA,OBIS,Amphiprion_akallopisos
98.3958358765,7.78611087799,1993-11-10T12:00:00Z,PreservedSpecimen,NA,NA,NA,OBIS,Amphiprion_akallopisos
43.516998291,-23.3330001831,NA,PreservedSpecimen,NA,NA,NA,OBIS,Amphiprion_akallopisos
43.6527786255,-12.4052772522,1988-11-26T12:00:00Z,PreservedSpecimen,NA,NA,NA,OBIS,Amphiprion_akallopisos
44.3175010681,-12.1858329773,1988-11-21T12:00:00Z,PreservedSpecimen,NA,NA,NA,OBIS,Amphiprion_akallopisos
45.1669998169,-12.9169998169,NA,PreservedSpecimen,NA,NA,5,OBIS,Amphiprion_akallopisos
92.986294,12.039652,2025-01-27T11:01:08,HUMAN_OBSERVATION,iNaturalist research-grade observations,PRESENT,NA,GBIF,Amphiprion_akallopisos
39.808986,-7.940527,2025-01-24T14:45,HUMAN_OBSERVATION,iNaturalist research-grade observations,PRESENT,NA,GBIF,Amphiprion_akallopisos
98.796485,7.652897,2025-01-24T08:36,HUMAN_OBSERVATION,iNaturalist research-grade observations,PRESENT,NA,GBIF,Amphiprion_akallopisos
92.927132,11.992203,2025-01-12T10:21,HUMAN_OBSERVATION,iNaturalist research-grade observations,PRESENT,NA,GBIF,Amphiprion_akallopisos
93.011762,11.846308,2025-01-15T08:12,HUMAN_OBSERVATION,iNaturalist research-grade observations,PRESENT,NA,GBIF,Amphiprion_akallopisos
97.877678,9.379778,2025-02-14T11:38,HUMAN_OBSERVATION,iNaturalist research-grade observations,PRESENT,NA,GBIF,Amphiprion_akallopisos
98.765556,7.655,2025-02-13T03:54,HUMAN_OBSERVATION,iNaturalist research-grade observations,PRESENT,NA,GBIF,Amphiprion_akallopisos
97.87417,9.411178,2025-02-15T09:42,HUMAN_OBSERVATION,iNaturalist research-grade observations,PRESENT,NA,GBIF,Amphiprion_akallopisos
98.368422,7.60519,2025-02-02T13:13,HUMAN_OBSERVATION,iNaturalist research-grade observations,PRESENT,NA,GBIF,Amphiprion_akallopisos
55.494728,-4.60674,2025-02-20T08:33,HUMAN_OBSERVATION,iNaturalist research-grade observations,PRESENT,NA,GBIF,Amphiprion_akallopisos
98.258786,8.030313,2025-03-05T10:34,HUMAN_OBSERVATION,iNaturalist research-grade observations,PRESENT,NA,GBIF,Amphiprion_akallopisos
92.987556,11.976042,2025-03-20T11:43:13,HUMAN_OBSERVATION,iNaturalist research-grade observations,PRESENT,NA,GBIF,Amphiprion_akallopisos
98.895571,7.429251,2025-03-21T11:04,HUMAN_OBSERVATION,iNaturalist research-grade observations,PRESENT,NA,GBIF,Amphiprion_akallopisos
99.067406,7.209444,2025-03-21T14:18,HUMAN_OBSERVATION,iNaturalist research-grade observations,PRESENT,NA,GBIF,Amphiprion_akallopisos
97.877807,9.414874,2025-03-15T15:04,HUMAN_OBSERVATION,iNaturalist research-grade observations,PRESENT,NA,GBIF,Amphiprion_akallopisos
97.8778,9.41487,2025-03-15T15:13,HUMAN_OBSERVATION,iNaturalist research-grade observations,PRESENT,NA,GBIF,Amphiprion_akallopisos
99.0674,7.20944,2025-03-21T14:41,HUMAN_OBSERVATION,iNaturalist research-grade observations,PRESENT,NA,GBIF,Amphiprion_akallopisos
98.576384,7.796719,2025-03-05T04:48:15,HUMAN_OBSERVATION,iNaturalist research-grade observations,PRESENT,NA,GBIF,Amphiprion_akallopisos
93.035793,11.997195,2025-04-02T14:54,HUMAN_OBSERVATION,iNaturalist research-grade observations,PRESENT,NA,GBIF,Amphiprion_akallopisos
55.47897,-4.732821,2025-04-03T10:20,HUMAN_OBSERVATION,iNaturalist research-grade observations,PRESENT,NA,GBIF,Amphiprion_akallopisos
39.610268,-5.23627,2025-04-13T10:04,HUMAN_OBSERVATION,iNaturalist research-grade observations,PRESENT,NA,GBIF,Amphiprion_akallopisos
97.856486,9.438997,2025-04-17T16:00,HUMAN_OBSERVATION,iNaturalist research-grade observations,PRESENT,NA,GBIF,Amphiprion_akallopisos
55.398858,-4.65144,2025-05-01T13:45,HUMAN_OBSERVATION,iNaturalist research-grade observations,PRESENT,NA,GBIF,Amphiprion_akallopisos
39.224286,-4.839634,2025-05-26T11:00,HUMAN_OBSERVATION,iNaturalist research-grade observations,PRESENT,NA,GBIF,Amphiprion_akallopisos
32.684146,-27.530943,2025-06-14T10:54,HUMAN_OBSERVATION,iNaturalist research-grade observations,PRESENT,NA,GBIF,Amphiprion_akallopisos
98.717987,7.691745,2025-06-18T18:12,HUMAN_OBSERVATION,iNaturalist research-grade observations,PRESENT,NA,GBIF,Amphiprion_akallopisos
39.385839,-4.659667,2025-07-09T10:09,HUMAN_OBSERVATION,iNaturalist research-grade observations,PRESENT,NA,GBIF,Amphiprion_akallopisos
98.751033,7.775284,2025-07-03T19:57,HUMAN_OBSERVATION,iNaturalist research-grade observations,PRESENT,NA,GBIF,Amphiprion_akallopisos
39.382429,-4.658221,2025-07-21T10:02,HUMAN_OBSERVATION,iNaturalist research-grade observations,PRESENT,NA,GBIF,Amphiprion_akallopisos
45.094589,-12.788897,2025-07-05T08:44,HUMAN_OBSERVATION,iNaturalist research-grade observations,PRESENT,NA,GBIF,Amphiprion_akallopisos
32.681291,-27.533985,2025-08-12T09:46,HUMAN_OBSERVATION,iNaturalist research-grade observations,PRESENT,NA,GBIF,Amphiprion_akallopisos
39.387955,-4.650805,2025-08-19T09:53,HUMAN_OBSERVATION,iNaturalist research-grade observations,PRESENT,NA,GBIF,Amphiprion_akallopisos
39.57362,-6.368355,2025-09-21T12:20:51,HUMAN_OBSERVATION,iNaturalist research-grade observations,PRESENT,NA,GBIF,Amphiprion_akallopisos
35.430272,-21.664491,2025-10-16T08:52:16,HUMAN_OBSERVATION,iNaturalist research-grade observations,PRESENT,NA,GBIF,Amphiprion_akallopisos
39.77789,-7.961827,2025-10-23T10:57,HUMAN_OBSERVATION,iNaturalist research-grade observations,PRESENT,NA,GBIF,Amphiprion_akallopisos
98.022865,9.367175,2025-11-16T08:36,HUMAN_OBSERVATION,iNaturalist research-grade observations,PRESENT,NA,GBIF,Amphiprion_akallopisos
39.799747000000004,-7.931563,2025-11-16T20:00,HUMAN_OBSERVATION,iNaturalist research-grade observations,PRESENT,NA,GBIF,Amphiprion_akallopisos
97.876426,9.380008,2025-12-24T10:32,HUMAN_OBSERVATION,iNaturalist research-grade observations,PRESENT,NA,GBIF,Amphiprion_akallopisos
39.663046,-4.965058,2025-12-15T08:27,HUMAN_OBSERVATION,iNaturalist research-grade observations,PRESENT,NA,GBIF,Amphiprion_akallopisos
99.311849,6.484475,2025-12-24T15:59:03,HUMAN_OBSERVATION,iNaturalist research-grade observations,PRESENT,NA,GBIF,Amphiprion_akallopisos
39.33905,-4.642925,2024-01-21T04:40:45,HUMAN_OBSERVATION,iNaturalist research-grade observations,PRESENT,NA,GBIF,Amphiprion_akallopisos
98.29804,7.81453,2024-01-19T19:04,HUMAN_OBSERVATION,iNaturalist research-grade observations,PRESENT,NA,GBIF,Amphiprion_akallopisos
98.76429,7.656038,2024-01-24T10:51,HUMAN_OBSERVATION,iNaturalist research-grade observations,PRESENT,NA,GBIF,Amphiprion_akallopisos
98.760452,7.766722,2024-01-22T06:51,HUMAN_OBSERVATION,iNaturalist research-grade observations,PRESENT,NA,GBIF,Amphiprion_akallopisos
98.758683,7.762458,2024-01-20T18:03,HUMAN_OBSERVATION,iNaturalist research-grade observations,PRESENT,NA,GBIF,Amphiprion_akallopisos
98.763715,7.745868,2024-01-22T05:38,HUMAN_OBSERVATION,iNaturalist research-grade observations,PRESENT,NA,GBIF,Amphiprion_akallopisos
98.769054,7.73504,2024-02-15T09:40,HUMAN_OBSERVATION,iNaturalist research-grade observations,PRESENT,NA,GBIF,Amphiprion_akallopisos
40.027416,-3.342545,2024-02-11T11:44:43,HUMAN_OBSERVATION,iNaturalist research-grade observations,PRESENT,NA,GBIF,Amphiprion_akallopisos
39.387301,-4.659834,2024-03-19T11:45,HUMAN_OBSERVATION,iNaturalist research-grade observations,PRESENT,NA,GBIF,Amphiprion_akallopisos
98.796686,7.820357,2024-03-21T12:29,HUMAN_OBSERVATION,iNaturalist research-grade observations,PRESENT,NA,GBIF,Amphiprion_akallopisos
39.28779,-5.802434,2024-03-29T10:38,HUMAN_OBSERVATION,iNaturalist research-grade observations,PRESENT,NA,GBIF,Amphiprion_akallopisos
39.287162,-5.75173,2024-03-01T10:03:08,HUMAN_OBSERVATION,iNaturalist research-grade observations,PRESENT,NA,GBIF,Amphiprion_akallopisos
39.179452,-6.150576,2024-04-05T13:04:28,HUMAN_OBSERVATION,iNaturalist research-grade observations,PRESENT,NA,GBIF,Amphiprion_akallopisos
99.257649,7.304282,2024-04-20T16:20:05,HUMAN_OBSERVATION,iNaturalist research-grade observations,PRESENT,NA,GBIF,Amphiprion_akallopisos
39.386371,-4.658781,2024-04-23T09:20,HUMAN_OBSERVATION,iNaturalist research-grade observations,PRESENT,NA,GBIF,Amphiprion_akallopisos
48.542786,-13.029602,2024-06-21T10:26:30,HUMAN_OBSERVATION,iNaturalist research-grade observations,PRESENT,NA,GBIF,Amphiprion_akallopisos
48.237487,-13.482788,2024-07-31T21:15,HUMAN_OBSERVATION,iNaturalist research-grade observations,PRESENT,NA,GBIF,Amphiprion_akallopisos
39.225831,-4.836213,2024-08-10T16:24,HUMAN_OBSERVATION,iNaturalist research-grade observations,PRESENT,NA,GBIF,Amphiprion_akallopisos
39.389245,-5.7998,2024-08-06T14:13,HUMAN_OBSERVATION,iNaturalist research-grade observations,PRESENT,NA,GBIF,Amphiprion_akallopisos
39.2919,-5.7401,2024-08-11T16:05,HUMAN_OBSERVATION,iNaturalist research-grade observations,PRESENT,NA,GBIF,Amphiprion_akallopisos
39.380518,-4.657038,2024-08-11T10:27,HUMAN_OBSERVATION,iNaturalist research-grade observations,PRESENT,NA,GBIF,Amphiprion_akallopisos
39.057827,-5.506338,2024-09-03T11:11,HUMAN_OBSERVATION,iNaturalist research-grade observations,PRESENT,NA,GBIF,Amphiprion_akallopisos
39.382155,-4.658852,2024-09-20T11:13,HUMAN_OBSERVATION,iNaturalist research-grade observations,PRESENT,NA,GBIF,Amphiprion_akallopisos
45.215604,-12.888951,2024-09-29T09:54,HUMAN_OBSERVATION,iNaturalist research-grade observations,PRESENT,NA,GBIF,Amphiprion_akallopisos
39.667756,-4.954099,2024-09-16T10:04,HUMAN_OBSERVATION,iNaturalist research-grade observations,PRESENT,NA,GBIF,Amphiprion_akallopisos
39.382117,-4.658943,2024-09-20T11:23,HUMAN_OBSERVATION,iNaturalist research-grade observations,PRESENT,NA,GBIF,Amphiprion_akallopisos
40.007588,-3.399055,2024-09-18T17:38:09,HUMAN_OBSERVATION,iNaturalist research-grade observations,PRESENT,NA,GBIF,Amphiprion_akallopisos
95.272086,5.854788,2024-10-02T13:42,HUMAN_OBSERVATION,iNaturalist research-grade observations,PRESENT,NA,GBIF,Amphiprion_akallopisos
98.767172,7.692305,2024-10-08T12:22:46,HUMAN_OBSERVATION,iNaturalist research-grade observations,PRESENT,NA,GBIF,Amphiprion_akallopisos
98.765919,7.655373,2024-10-06T04:39:48,HUMAN_OBSERVATION,iNaturalist research-grade observations,PRESENT,NA,GBIF,Amphiprion_akallopisos
39.387076,-5.827102,2024-10-27T09:07,HUMAN_OBSERVATION,iNaturalist research-grade observations,PRESENT,NA,GBIF,Amphiprion_akallopisos
39.221584,-5.754999,2024-10-31T09:39,HUMAN_OBSERVATION,iNaturalist research-grade observations,PRESENT,NA,GBIF,Amphiprion_akallopisos
45.085614,-12.963352,2024-10-27T05:43:51,HUMAN_OBSERVATION,iNaturalist research-grade observations,PRESENT,NA,GBIF,Amphiprion_akallopisos
98.7641,7.690931,2024-11-24T15:45,HUMAN_OBSERVATION,iNaturalist research-grade observations,PRESENT,NA,GBIF,Amphiprion_akallopisos
39.385444,-4.658398,2024-11-25T10:39,HUMAN_OBSERVATION,iNaturalist research-grade observations,PRESENT,NA,GBIF,Amphiprion_akallopisos
39.38245,-4.657233,2024-11-28T10:58,HUMAN_OBSERVATION,iNaturalist research-grade observations,PRESENT,NA,GBIF,Amphiprion_akallopisos
93.044029,11.849551,2024-12-19T10:57,HUMAN_OBSERVATION,iNaturalist research-grade observations,PRESENT,NA,GBIF,Amphiprion_akallopisos
43.571587,-23.187317,2024-12-30T00:32,HUMAN_OBSERVATION,iNaturalist research-grade observations,PRESENT,NA,GBIF,Amphiprion_akallopisos
99.500591,6.797184,2023-01-15T11:40,HUMAN_OBSERVATION,iNaturalist research-grade observations,PRESENT,NA,GBIF,Amphiprion_akallopisos
39.989726,-3.382888,2023-01-18T10:10,HUMAN_OBSERVATION,iNaturalist research-grade observations,PRESENT,NA,GBIF,Amphiprion_akallopisos
99.311505,6.486354,2023-01-07T11:54,HUMAN_OBSERVATION,iNaturalist research-grade observations,PRESENT,NA,GBIF,Amphiprion_akallopisos
99.311934,6.487037,2023-01-10T11:14,HUMAN_OBSERVATION,iNaturalist research-grade observations,PRESENT,NA,GBIF,Amphiprion_akallopisos
39.400009,-5.811795,2023-01-04T12:04,HUMAN_OBSERVATION,iNaturalist research-grade observations,PRESENT,NA,GBIF,Amphiprion_akallopisos
97.861994,9.429031,2023-01-08T10:42,HUMAN_OBSERVATION,iNaturalist research-grade observations,PRESENT,NA,GBIF,Amphiprion_akallopisos
97.86062,9.433096,2023-01-08T06:19,HUMAN_OBSERVATION,iNaturalist research-grade observations,PRESENT,NA,GBIF,Amphiprion_akallopisos
97.653157,8.679884,2023-02-06T22:51,HUMAN_OBSERVATION,iNaturalist research-grade observations,PRESENT,NA,GBIF,Amphiprion_akallopisos
39.751689,-3.993225,2023-02-01T10:31:35,HUMAN_OBSERVATION,iNaturalist research-grade observations,PRESENT,NA,GBIF,Amphiprion_akallopisos
97.813199,9.083455,2023-02-17T19:04,HUMAN_OBSERVATION,iNaturalist research-grade observations,PRESENT,NA,GBIF,Amphiprion_akallopisos
39.383205,-5.816005,2023-02-23T08:41,HUMAN_OBSERVATION,iNaturalist research-grade observations,PRESENT,NA,GBIF,Amphiprion_akallopisos
98.770874,7.76284,2023-02-21T18:08,HUMAN_OBSERVATION,iNaturalist research-grade observations,PRESENT,NA,GBIF,Amphiprion_akallopisos
55.757137,-4.284976,2023-02-28T10:38,HUMAN_OBSERVATION,iNaturalist research-grade observations,PRESENT,NA,GBIF,Amphiprion_akallopisos
55.674332,-4.260519,2023-02-22T08:10,HUMAN_OBSERVATION,iNaturalist research-grade observations,PRESENT,NA,GBIF,Amphiprion_akallopisos
55.756901,-4.290246,2023-02-22T09:45,HUMAN_OBSERVATION,iNaturalist research-grade observations,PRESENT,NA,GBIF,Amphiprion_akallopisos
39.389353,-5.835286,2023-02-16T13:55,HUMAN_OBSERVATION,iNaturalist research-grade observations,PRESENT,NA,GBIF,Amphiprion_akallopisos
39.132505,-6.155656,2023-02-18T10:56,HUMAN_OBSERVATION,iNaturalist research-grade observations,PRESENT,NA,GBIF,Amphiprion_akallopisos
39.321118,-4.692973,2023-03-05T23:08:52,HUMAN_OBSERVATION,iNaturalist research-grade observations,PRESENT,NA,GBIF,Amphiprion_akallopisos
55.534383,-4.494126,2023-03-25T12:49,HUMAN_OBSERVATION,iNaturalist research-grade observations,PRESENT,NA,GBIF,Amphiprion_akallopisos
93.072206,11.958278,2023-04-12T13:41,HUMAN_OBSERVATION,iNaturalist research-grade observations,PRESENT,NA,GBIF,Amphiprion_akallopisos
97.639051,8.596985,2023-04-24T23:04:54,HUMAN_OBSERVATION,iNaturalist research-grade observations,PRESENT,NA,GBIF,Amphiprion_akallopisos
39.569686,-4.335033,2023-04-07T12:30,HUMAN_OBSERVATION,iNaturalist research-grade observations,PRESENT,NA,GBIF,Amphiprion_akallopisos
98.647757,7.806916,2023-04-22T16:10,HUMAN_OBSERVATION,iNaturalist research-grade observations,PRESENT,NA,GBIF,Amphiprion_akallopisos
98.766109,7.695682,2023-06-30T16:06:37,HUMAN_OBSERVATION,iNaturalist research-grade observations,PRESENT,NA,GBIF,Amphiprion_akallopisos
48.11744,-13.31197,2023-06-14,HUMAN_OBSERVATION,NA,PRESENT,NA,GBIF,Amphiprion_akallopisos
48.09972,-13.32225,2023-06-16,HUMAN_OBSERVATION,NA,PRESENT,NA,GBIF,Amphiprion_akallopisos
48.1165,-13.30991,2023-06-14,HUMAN_OBSERVATION,NA,PRESENT,NA,GBIF,Amphiprion_akallopisos
55.527472,-4.685725,2023-06-02T16:07,HUMAN_OBSERVATION,iNaturalist research-grade observations,PRESENT,NA,GBIF,Amphiprion_akallopisos
39.996533,-3.37584,2023-07-21T00:00,HUMAN_OBSERVATION,iNaturalist research-grade observations,PRESENT,NA,GBIF,Amphiprion_akallopisos
39.558966,-6.311724,2023-07-15T02:39,HUMAN_OBSERVATION,iNaturalist research-grade observations,PRESENT,NA,GBIF,Amphiprion_akallopisos
39.564618,-6.31125,2023-07-16T01:11,HUMAN_OBSERVATION,iNaturalist research-grade observations,PRESENT,NA,GBIF,Amphiprion_akallopisos
39.564626,-6.311264,2023-07-16T00:40,HUMAN_OBSERVATION,iNaturalist research-grade observations,PRESENT,NA,GBIF,Amphiprion_akallopisos
39.564605,-6.311236,2023-07-16T01:32,HUMAN_OBSERVATION,iNaturalist research-grade observations,PRESENT,NA,GBIF,Amphiprion_akallopisos
39.564602,-6.311217,2023-07-16T01:02,HUMAN_OBSERVATION,iNaturalist research-grade observations,PRESENT,NA,GBIF,Amphiprion_akallopisos
47.762216,-14.125058,2023-08-24T17:27,HUMAN_OBSERVATION,iNaturalist research-grade observations,PRESENT,NA,GBIF,Amphiprion_akallopisos
39.545758,-6.216768,2023-08-06T10:32,HUMAN_OBSERVATION,iNaturalist research-grade observations,PRESENT,NA,GBIF,Amphiprion_akallopisos
38.879242,-17.238139,2023-09-03T10:01,HUMAN_OBSERVATION,iNaturalist research-grade observations,PRESENT,NA,GBIF,Amphiprion_akallopisos
38.883625,-17.2322,2023-09-11T14:38,HUMAN_OBSERVATION,iNaturalist research-grade observations,PRESENT,NA,GBIF,Amphiprion_akallopisos
39.56294,-8.571934,2023-10-20T07:35,HUMAN_OBSERVATION,iNaturalist research-grade observations,PRESENT,NA,GBIF,Amphiprion_akallopisos
39.562633,-8.571937,2023-10-24T11:23,HUMAN_OBSERVATION,iNaturalist research-grade observations,PRESENT,NA,GBIF,Amphiprion_akallopisos
40.701913,-14.449276,2023-10-14T19:30,HUMAN_OBSERVATION,iNaturalist research-grade observations,PRESENT,NA,GBIF,Amphiprion_akallopisos
35.507062,-21.808617,2023-10-24,HUMAN_OBSERVATION,iNaturalist research-grade observations,PRESENT,NA,GBIF,Amphiprion_akallopisos
99.309476,6.49387,2023-11-20T09:21,HUMAN_OBSERVATION,iNaturalist research-grade observations,PRESENT,NA,GBIF,Amphiprion_akallopisos
39.283948,-6.361475,2023-12-25T10:16:08,HUMAN_OBSERVATION,iNaturalist research-grade observations,PRESENT,NA,GBIF,Amphiprion_akallopisos
48.347845,-13.471033,2023-12-27T10:51:24,HUMAN_OBSERVATION,iNaturalist research-grade observations,PRESENT,NA,GBIF,Amphiprion_akallopisos
92.989799,12.038396,2023-12-26T08:27,HUMAN_OBSERVATION,iNaturalist research-grade observations,PRESENT,NA,GBIF,Amphiprion_akallopisos
98.627187,7.807563,2023-12-12T11:39,HUMAN_OBSERVATION,iNaturalist research-grade observations,PRESENT,NA,GBIF,Amphiprion_akallopisos
99.25915,7.305714,2022-01-30T13:25:48,HUMAN_OBSERVATION,iNaturalist research-grade observations,PRESENT,NA,GBIF,Amphiprion_akallopisos
99.300675,6.485812,2022-01-17T17:40,HUMAN_OBSERVATION,iNaturalist research-grade observations,PRESENT,NA,GBIF,Amphiprion_akallopisos
99.312053,6.485069,2022-01-18T17:30,HUMAN_OBSERVATION,iNaturalist research-grade observations,PRESENT,NA,GBIF,Amphiprion_akallopisos
39.387185,-5.814952,2022-07-06T11:52,HUMAN_OBSERVATION,iNaturalist research-grade observations,PRESENT,NA,GBIF,Amphiprion_akallopisos
98.767651,7.684889,2022-07-17T15:20,HUMAN_OBSERVATION,iNaturalist research-grade observations,PRESENT,NA,GBIF,Amphiprion_akallopisos
98.765701,7.695263,2022-07-17T14:43,HUMAN_OBSERVATION,iNaturalist research-grade observations,PRESENT,NA,GBIF,Amphiprion_akallopisos
98.765957,7.653789,2022-07-19T09:03,HUMAN_OBSERVATION,iNaturalist research-grade observations,PRESENT,NA,GBIF,Amphiprion_akallopisos
98.76584,7.653829,2022-07-19T09:10,HUMAN_OBSERVATION,iNaturalist research-grade observations,PRESENT,NA,GBIF,Amphiprion_akallopisos
48.046748,-13.348168,2022-08-23T11:11,HUMAN_OBSERVATION,iNaturalist research-grade observations,PRESENT,NA,GBIF,Amphiprion_akallopisos
38.791939,-6.011016,2022-08-05T15:00,HUMAN_OBSERVATION,iNaturalist research-grade observations,PRESENT,NA,GBIF,Amphiprion_akallopisos
39.386718,-5.825477,2022-09-10T12:02:28,HUMAN_OBSERVATION,iNaturalist research-grade observations,PRESENT,NA,GBIF,Amphiprion_akallopisos
39.384413,-5.815347,2022-09-10T10:50:52,HUMAN_OBSERVATION,iNaturalist research-grade observations,PRESENT,NA,GBIF,Amphiprion_akallopisos
38.875729,-17.23664,2022-09-10T14:55,HUMAN_OBSERVATION,iNaturalist research-grade observations,PRESENT,NA,GBIF,Amphiprion_akallopisos
39.383765,-5.838715,2022-10-10T10:25,HUMAN_OBSERVATION,iNaturalist research-grade observations,PRESENT,NA,GBIF,Amphiprion_akallopisos
39.383505,-5.820498,2022-10-04T13:00,HUMAN_OBSERVATION,iNaturalist research-grade observations,PRESENT,NA,GBIF,Amphiprion_akallopisos
97.650415,8.682328,2022-10-21T16:58,HUMAN_OBSERVATION,iNaturalist research-grade observations,PRESENT,NA,GBIF,Amphiprion_akallopisos
48.110945,-13.326378,2022-11-17T09:15,HUMAN_OBSERVATION,iNaturalist research-grade observations,PRESENT,NA,GBIF,Amphiprion_akallopisos
98.366353,7.603838,2022-11-19T06:19,HUMAN_OBSERVATION,iNaturalist research-grade observations,PRESENT,NA,GBIF,Amphiprion_akallopisos
48.093779,-13.321701,2022-11-20T08:53,HUMAN_OBSERVATION,iNaturalist research-grade observations,PRESENT,NA,GBIF,Amphiprion_akallopisos
48.04022,-13.356442,2022-11-19T11:48,HUMAN_OBSERVATION,iNaturalist research-grade observations,PRESENT,NA,GBIF,Amphiprion_akallopisos
98.766603,7.653836,2022-11-14T14:33,HUMAN_OBSERVATION,iNaturalist research-grade observations,PRESENT,NA,GBIF,Amphiprion_akallopisos
98.764397,7.691343,2022-11-14T16:31,HUMAN_OBSERVATION,iNaturalist research-grade observations,PRESENT,NA,GBIF,Amphiprion_akallopisos
98.766326,7.654064,2022-11-14T15:13,HUMAN_OBSERVATION,iNaturalist research-grade observations,PRESENT,NA,GBIF,Amphiprion_akallopisos
47.952,-13.504,2022-12-19T12:08,HUMAN_OBSERVATION,iNaturalist research-grade observations,PRESENT,NA,GBIF,Amphiprion_akallopisos
39.996542,-3.378913,2022-12-16T15:50,HUMAN_OBSERVATION,iNaturalist research-grade observations,PRESENT,NA,GBIF,Amphiprion_akallopisos
97.85975,9.434718,2022-12-21T07:00,HUMAN_OBSERVATION,iNaturalist research-grade observations,PRESENT,NA,GBIF,Amphiprion_akallopisos
99.286123,6.480526,2022-12-17T10:19,HUMAN_OBSERVATION,iNaturalist research-grade observations,PRESENT,NA,GBIF,Amphiprion_akallopisos
39.30778,-5.71847,2022-12-15,HUMAN_OBSERVATION,NA,PRESENT,NA,GBIF,Amphiprion_akallopisos
39.53624,-6.173945,2021-02-15T00:00,HUMAN_OBSERVATION,NA,PRESENT,NA,GBIF,Amphiprion_akallopisos
99.257599,7.304917,2021-03-09T10:12:50,HUMAN_OBSERVATION,iNaturalist research-grade observations,PRESENT,NA,GBIF,Amphiprion_akallopisos
98.826364,7.150973,2021-03-14T13:07,HUMAN_OBSERVATION,iNaturalist research-grade observations,PRESENT,NA,GBIF,Amphiprion_akallopisos
98.888139,7.427652,2021-03-14T16:25,HUMAN_OBSERVATION,iNaturalist research-grade observations,PRESENT,NA,GBIF,Amphiprion_akallopisos
39.280634,-5.846554,2021-05-14T17:16:04,HUMAN_OBSERVATION,iNaturalist research-grade observations,PRESENT,NA,GBIF,Amphiprion_akallopisos
105.432587,-6.144276,2021-06-20T12:52,HUMAN_OBSERVATION,iNaturalist research-grade observations,PRESENT,NA,GBIF,Amphiprion_akallopisos
99.334511,6.489278,2021-07-07T09:07,HUMAN_OBSERVATION,iNaturalist research-grade observations,PRESENT,NA,GBIF,Amphiprion_akallopisos
99.311887,6.48466,2021-07-06T12:39,HUMAN_OBSERVATION,iNaturalist research-grade observations,PRESENT,NA,GBIF,Amphiprion_akallopisos
99.314214,6.492537,2021-07-05T14:38,HUMAN_OBSERVATION,iNaturalist research-grade observations,PRESENT,NA,GBIF,Amphiprion_akallopisos
99.313387,6.487736,2021-07-09T15:55,HUMAN_OBSERVATION,iNaturalist research-grade observations,PRESENT,NA,GBIF,Amphiprion_akallopisos
99.311543,6.485575,2021-07-10T08:57,HUMAN_OBSERVATION,iNaturalist research-grade observations,PRESENT,NA,GBIF,Amphiprion_akallopisos
99.312101,6.488113,2021-07-08T17:41,HUMAN_OBSERVATION,iNaturalist research-grade observations,PRESENT,NA,GBIF,Amphiprion_akallopisos
99.312935,6.483615,2021-07-07T14:45,HUMAN_OBSERVATION,iNaturalist research-grade observations,PRESENT,NA,GBIF,Amphiprion_akallopisos
39.581978,-4.329521,2021-08-25T11:08,HUMAN_OBSERVATION,iNaturalist research-grade observations,PRESENT,NA,GBIF,Amphiprion_akallopisos
39.59307,-4.34561,2021-08-25,HUMAN_OBSERVATION,NA,PRESENT,NA,GBIF,Amphiprion_akallopisos
39.748803,-7.816666,2021-10-08T16:02:49,HUMAN_OBSERVATION,iNaturalist research-grade observations,PRESENT,NA,GBIF,Amphiprion_akallopisos
45.06012,-12.93221,2021-10-27,HUMAN_OBSERVATION,NA,PRESENT,NA,GBIF,Amphiprion_akallopisos
44.97194,-12.9225,2021-10-28,HUMAN_OBSERVATION,NA,PRESENT,NA,GBIF,Amphiprion_akallopisos
39.994881,-3.380839,2021-11-03T14:23,HUMAN_OBSERVATION,iNaturalist research-grade observations,PRESENT,NA,GBIF,Amphiprion_akallopisos
98.767557,7.690121,2021-11-14T16:10Z,HUMAN_OBSERVATION,iNaturalist research-grade observations,PRESENT,NA,GBIF,Amphiprion_akallopisos
72.7597,3.84713,2021-11-13,HUMAN_OBSERVATION,NA,PRESENT,NA,GBIF,Amphiprion_akallopisos
73.3279,2.32743,2021-11-15,HUMAN_OBSERVATION,NA,PRESENT,NA,GBIF,Amphiprion_akallopisos
97.633493,8.589241,2021-12-09T16:12,HUMAN_OBSERVATION,iNaturalist research-grade observations,PRESENT,NA,GBIF,Amphiprion_akallopisos
39.532081,-6.169873,2021-12-23T12:14,HUMAN_OBSERVATION,iNaturalist research-grade observations,PRESENT,NA,GBIF,Amphiprion_akallopisos
97.81302,9.058801,2021-12-10T15:37,HUMAN_OBSERVATION,iNaturalist research-grade observations,PRESENT,NA,GBIF,Amphiprion_akallopisos
97.796798,8.827626,2021-12-10T11:45,HUMAN_OBSERVATION,iNaturalist research-grade observations,PRESENT,NA,GBIF,Amphiprion_akallopisos
46.33055,-9.366865,2021-12,HUMAN_OBSERVATION,NA,PRESENT,NA,GBIF,Amphiprion_akallopisos
45.27194,-12.86306,2021-12-13,HUMAN_OBSERVATION,NA,PRESENT,NA,GBIF,Amphiprion_akallopisos
98.767,7.657,2020-01-21T12:58Z,HUMAN_OBSERVATION,Diveboard - Scuba diving citizen science,PRESENT,7.775,GBIF,Amphiprion_akallopisos
40.001699,-3.378423,2020-01-03T00:00:11,HUMAN_OBSERVATION,iNaturalist research-grade observations,PRESENT,NA,GBIF,Amphiprion_akallopisos
97.883524,9.427839,2020-01-03T12:49:45,HUMAN_OBSERVATION,iNaturalist research-grade observations,PRESENT,NA,GBIF,Amphiprion_akallopisos
39.79969,-7.926975,2020-02-12T12:36,HUMAN_OBSERVATION,iNaturalist research-grade observations,PRESENT,NA,GBIF,Amphiprion_akallopisos
99.26445,6.514488,2020-02-14T17:42,HUMAN_OBSERVATION,iNaturalist research-grade observations,PRESENT,NA,GBIF,Amphiprion_akallopisos
98.022814,9.364216,2020-03-06T01:16,HUMAN_OBSERVATION,iNaturalist research-grade observations,PRESENT,NA,GBIF,Amphiprion_akallopisos
98.765744,7.654987,2020-03-11T05:24,HUMAN_OBSERVATION,iNaturalist research-grade observations,PRESENT,NA,GBIF,Amphiprion_akallopisos
98.783872,7.727602,2020-07-04T16:22,HUMAN_OBSERVATION,iNaturalist research-grade observations,PRESENT,NA,GBIF,Amphiprion_akallopisos
39.368613,-4.694683,2020-08-26T00:00:04,HUMAN_OBSERVATION,iNaturalist research-grade observations,PRESENT,NA,GBIF,Amphiprion_akallopisos
43.263595,-11.672339,2020-10-01T13:00Z,HUMAN_OBSERVATION,iNaturalist research-grade observations,PRESENT,NA,GBIF,Amphiprion_akallopisos
40.002422,-3.371819,2020-10-17T00:00:51,HUMAN_OBSERVATION,iNaturalist research-grade observations,PRESENT,NA,GBIF,Amphiprion_akallopisos
99.258462,6.5578,2020-12-09T10:40,HUMAN_OBSERVATION,iNaturalist research-grade observations,PRESENT,NA,GBIF,Amphiprion_akallopisos
39.594696,-4.279763,2020-12-02T02:22,HUMAN_OBSERVATION,iNaturalist research-grade observations,PRESENT,NA,GBIF,Amphiprion_akallopisos
99.283894,6.52889,2020-12-13T11:28,HUMAN_OBSERVATION,iNaturalist research-grade observations,PRESENT,NA,GBIF,Amphiprion_akallopisos
99.061348,7.584668,2019-01-30T17:46,HUMAN_OBSERVATION,iNaturalist research-grade observations,PRESENT,NA,GBIF,Amphiprion_akallopisos
39.391945,-5.837778,2019-02-07T14:15:03Z,HUMAN_OBSERVATION,iNaturalist research-grade observations,PRESENT,NA,GBIF,Amphiprion_akallopisos
98.77842,7.75011,2019-02-15,HUMAN_OBSERVATION,NA,PRESENT,NA,GBIF,Amphiprion_akallopisos
100.334122,-1.12485,2019-03-20T11:38,HUMAN_OBSERVATION,iNaturalist research-grade observations,PRESENT,NA,GBIF,Amphiprion_akallopisos
92.732474,11.55471,2019-07-03T17:11,HUMAN_OBSERVATION,iNaturalist research-grade observations,PRESENT,NA,GBIF,Amphiprion_akallopisos
39.280666,-6.358095,2019-07-07T12:28,HUMAN_OBSERVATION,iNaturalist research-grade observations,PRESENT,NA,GBIF,Amphiprion_akallopisos
39.14927,-6.172398,2019-07-06T11:28,HUMAN_OBSERVATION,iNaturalist research-grade observations,PRESENT,NA,GBIF,Amphiprion_akallopisos
39.28476,-5.75409,2019-07-06T11:28,HUMAN_OBSERVATION,iNaturalist research-grade observations,PRESENT,NA,GBIF,Amphiprion_akallopisos
39.393923,-5.836643,2019-07-06T11:28,HUMAN_OBSERVATION,iNaturalist research-grade observations,PRESENT,NA,GBIF,Amphiprion_akallopisos
39.295103,-5.720961,2019-07-06T11:28,HUMAN_OBSERVATION,iNaturalist research-grade observations,PRESENT,NA,GBIF,Amphiprion_akallopisos
95.241049,5.89838,2019-07-22T05:05,HUMAN_OBSERVATION,iNaturalist research-grade observations,PRESENT,NA,GBIF,Amphiprion_akallopisos
43.607409,-23.181724,2019-08-26,HUMAN_OBSERVATION,iNaturalist research-grade observations,PRESENT,NA,GBIF,Amphiprion_akallopisos
43.579369,-23.150163,2019-08-27T15:22,HUMAN_OBSERVATION,iNaturalist research-grade observations,PRESENT,NA,GBIF,Amphiprion_akallopisos
39.380365,-5.819892,2019-09-20T23:22,HUMAN_OBSERVATION,iNaturalist research-grade observations,PRESENT,NA,GBIF,Amphiprion_akallopisos
47.956873,-13.48653,2019-10-25T06:54,HUMAN_OBSERVATION,iNaturalist research-grade observations,PRESENT,NA,GBIF,Amphiprion_akallopisos
39.284942,-6.316357,2019-10-27,HUMAN_OBSERVATION,iNaturalist research-grade observations,PRESENT,NA,GBIF,Amphiprion_akallopisos
39.995899,-3.374782,2019-10-30,HUMAN_OBSERVATION,iNaturalist research-grade observations,PRESENT,NA,GBIF,Amphiprion_akallopisos
43.573296,-23.147469,2019-10-21T14:35,HUMAN_OBSERVATION,iNaturalist research-grade observations,PRESENT,NA,GBIF,Amphiprion_akallopisos
43.573304,-23.147482,2019-10-21T14:18,HUMAN_OBSERVATION,iNaturalist research-grade observations,PRESENT,NA,GBIF,Amphiprion_akallopisos
43.573301,-23.147455,2019-10-21T14:39,HUMAN_OBSERVATION,iNaturalist research-grade observations,PRESENT,NA,GBIF,Amphiprion_akallopisos
43.564659,-23.107429,2019-11-06T13:35,HUMAN_OBSERVATION,iNaturalist research-grade observations,PRESENT,NA,GBIF,Amphiprion_akallopisos
39.53657,-6.215733,2019-12-31,HUMAN_OBSERVATION,iNaturalist research-grade observations,PRESENT,NA,GBIF,Amphiprion_akallopisos
97.803113,8.828095,2019-12-30T07:33,HUMAN_OBSERVATION,iNaturalist research-grade observations,PRESENT,NA,GBIF,Amphiprion_akallopisos
43.576954,-23.141932,2018-02-04T23:27,HUMAN_OBSERVATION,iNaturalist research-grade observations,PRESENT,NA,GBIF,Amphiprion_akallopisos
43.576944,-23.141944,2018-02-04T21:44,HUMAN_OBSERVATION,iNaturalist research-grade observations,PRESENT,NA,GBIF,Amphiprion_akallopisos
39.401253,-5.840924,2018-02-05T08:48,HUMAN_OBSERVATION,iNaturalist research-grade observations,PRESENT,NA,GBIF,Amphiprion_akallopisos
48.164847,-13.319028,2018-07-06T08:35,HUMAN_OBSERVATION,iNaturalist research-grade observations,PRESENT,NA,GBIF,Amphiprion_akallopisos
48.171457,-13.502752,2018-07-23T10:53,HUMAN_OBSERVATION,iNaturalist research-grade observations,PRESENT,NA,GBIF,Amphiprion_akallopisos
48.161096,-13.323389,2018-08-01,HUMAN_OBSERVATION,iNaturalist research-grade observations,PRESENT,NA,GBIF,Amphiprion_akallopisos
39.165056,-5.990787,2018-10-17T06:33,HUMAN_OBSERVATION,iNaturalist research-grade observations,PRESENT,NA,GBIF,Amphiprion_akallopisos
39.363306,-4.654773,2018-10-24T09:24,HUMAN_OBSERVATION,iNaturalist research-grade observations,PRESENT,NA,GBIF,Amphiprion_akallopisos
49.797451,-17.101265,2018-12-30T12:48,HUMAN_OBSERVATION,iNaturalist research-grade observations,PRESENT,NA,GBIF,Amphiprion_akallopisos
98.774643,7.743311,2018-12-28T00:00,HUMAN_OBSERVATION,NA,PRESENT,NA,GBIF,Amphiprion_akallopisos
97.651669,8.56222,2017-01-22T16:50,HUMAN_OBSERVATION,iNaturalist research-grade observations,PRESENT,NA,GBIF,Amphiprion_akallopisos
39.217136000000004,-4.840768,2017-01-10T11:40,HUMAN_OBSERVATION,iNaturalist research-grade observations,PRESENT,NA,GBIF,Amphiprion_akallopisos
98.777492,7.703389,2017-01-09T07:00,HUMAN_OBSERVATION,iNaturalist research-grade observations,PRESENT,NA,GBIF,Amphiprion_akallopisos
47.752251,-14.318799,2017-02-26T11:09,HUMAN_OBSERVATION,iNaturalist research-grade observations,PRESENT,NA,GBIF,Amphiprion_akallopisos
47.767508,-14.35598,2017-02-23T11:10,HUMAN_OBSERVATION,iNaturalist research-grade observations,PRESENT,NA,GBIF,Amphiprion_akallopisos
47.728708,-14.279741,2017-02-15T11:16,HUMAN_OBSERVATION,iNaturalist research-grade observations,PRESENT,NA,GBIF,Amphiprion_akallopisos
55.674129,-4.258536,2017-03-22T15:01,HUMAN_OBSERVATION,iNaturalist research-grade observations,PRESENT,NA,GBIF,Amphiprion_akallopisos
32.678604,-27.53556,2017-06-26T08:50,HUMAN_OBSERVATION,iNaturalist research-grade observations,PRESENT,NA,GBIF,Amphiprion_akallopisos
39.783788,-7.941993,2017-07-28T12:48,HUMAN_OBSERVATION,iNaturalist research-grade observations,PRESENT,NA,GBIF,Amphiprion_akallopisos
99.999621,6.172109,2017-07-04T12:41,HUMAN_OBSERVATION,iNaturalist research-grade observations,PRESENT,NA,GBIF,Amphiprion_akallopisos
98.770963,7.677579,2017-08-30T14:01,HUMAN_OBSERVATION,iNaturalist research-grade observations,PRESENT,NA,GBIF,Amphiprion_akallopisos
98.767744,7.673949,2017-10-03T15:53,HUMAN_OBSERVATION,iNaturalist research-grade observations,PRESENT,NA,GBIF,Amphiprion_akallopisos
45.293531,-12.76788,2017-10-24T13:24,HUMAN_OBSERVATION,iNaturalist research-grade observations,PRESENT,NA,GBIF,Amphiprion_akallopisos
43.572807,-23.087312,2017-11-17T10:27,HUMAN_OBSERVATION,iNaturalist research-grade observations,PRESENT,NA,GBIF,Amphiprion_akallopisos
45.293353,-12.768794,2017-11-05T10:53,HUMAN_OBSERVATION,iNaturalist research-grade observations,PRESENT,NA,GBIF,Amphiprion_akallopisos
95.2146,5.90316,2017-12-28T09:52Z,HUMAN_OBSERVATION,Diveboard - Scuba diving citizen science,PRESENT,17.47,GBIF,Amphiprion_akallopisos
95.255,5.88804,2017-12-31T15:58Z,HUMAN_OBSERVATION,Diveboard - Scuba diving citizen science,PRESENT,9.635,GBIF,Amphiprion_akallopisos
98.776078,7.599396,2017-12-23T11:16:02,HUMAN_OBSERVATION,iNaturalist research-grade observations,PRESENT,NA,GBIF,Amphiprion_akallopisos
98.773755,7.622826,2017-12-23T15:33:58,HUMAN_OBSERVATION,iNaturalist research-grade observations,PRESENT,NA,GBIF,Amphiprion_akallopisos
97.635123,8.675101,2016-01-06T07:38,HUMAN_OBSERVATION,iNaturalist research-grade observations,PRESENT,NA,GBIF,Amphiprion_akallopisos
45.214775,-12.984501,2016-01-24T18:02,HUMAN_OBSERVATION,iNaturalist research-grade observations,PRESENT,NA,GBIF,Amphiprion_akallopisos
39.381351,-5.816958,2016-02-18,HUMAN_OBSERVATION,iNaturalist research-grade observations,PRESENT,NA,GBIF,Amphiprion_akallopisos
99.06365,7.212442,2016-03-03,HUMAN_OBSERVATION,iNaturalist research-grade observations,PRESENT,NA,GBIF,Amphiprion_akallopisos
97.79684,8.82694,2016-03-15,HUMAN_OBSERVATION,NA,PRESENT,NA,GBIF,Amphiprion_akallopisos
98.58547,7.79842,2016-03-22,HUMAN_OBSERVATION,NA,PRESENT,NA,GBIF,Amphiprion_akallopisos
98.88871,7.42345,2016-03-21,HUMAN_OBSERVATION,NA,PRESENT,NA,GBIF,Amphiprion_akallopisos
98.37317,7.619506,2016-08-05T02:05,HUMAN_OBSERVATION,iNaturalist research-grade observations,PRESENT,NA,GBIF,Amphiprion_akallopisos
49.903852,-16.924781,2016-10-02T10:15,HUMAN_OBSERVATION,iNaturalist research-grade observations,PRESENT,NA,GBIF,Amphiprion_akallopisos
39.391,-5.838,2016-12-29T11:06,HUMAN_OBSERVATION,iNaturalist research-grade observations,PRESENT,NA,GBIF,Amphiprion_akallopisos
97.877602,9.451144,2015-04-17T15:18,HUMAN_OBSERVATION,iNaturalist research-grade observations,PRESENT,NA,GBIF,Amphiprion_akallopisos
32.71138,-27.45355,2015-06-26,HUMAN_OBSERVATION,NA,PRESENT,NA,GBIF,Amphiprion_akallopisos
45.27957,-12.8762,2015-09-30,HUMAN_OBSERVATION,NA,PRESENT,NA,GBIF,Amphiprion_akallopisos
45.27593,-12.87284,2015-09-27,HUMAN_OBSERVATION,NA,PRESENT,NA,GBIF,Amphiprion_akallopisos
45.28436,-12.82795,2015-09-28,HUMAN_OBSERVATION,NA,PRESENT,NA,GBIF,Amphiprion_akallopisos
32.712,-27.453,2015-10-06,HUMAN_OBSERVATION,iNaturalist research-grade observations,PRESENT,NA,GBIF,Amphiprion_akallopisos
32.685,-27.528,2015-10-10,HUMAN_OBSERVATION,iNaturalist research-grade observations,PRESENT,NA,GBIF,Amphiprion_akallopisos
45.2701,-12.86039,2015-10-02,HUMAN_OBSERVATION,NA,PRESENT,NA,GBIF,Amphiprion_akallopisos
45.27136,-12.86473,2015-10-03,HUMAN_OBSERVATION,NA,PRESENT,NA,GBIF,Amphiprion_akallopisos
45.08436,-12.9623,2015-10-04,HUMAN_OBSERVATION,NA,PRESENT,NA,GBIF,Amphiprion_akallopisos
45.26932,-12.86912,2015-10-06,HUMAN_OBSERVATION,NA,PRESENT,NA,GBIF,Amphiprion_akallopisos
97.646673,8.657863,2015-11-24,HUMAN_OBSERVATION,iNaturalist research-grade observations,PRESENT,NA,GBIF,Amphiprion_akallopisos
97.7023,8.70896,2014-01-27T13:29Z,HUMAN_OBSERVATION,Diveboard - Scuba diving citizen science,PRESENT,11.8,GBIF,Amphiprion_akallopisos
98.764054,7.654064,2014-01-12T00:56,HUMAN_OBSERVATION,iNaturalist research-grade observations,PRESENT,NA,GBIF,Amphiprion_akallopisos
98.167807,7.892081,2014-01-10T04:14,HUMAN_OBSERVATION,iNaturalist research-grade observations,PRESENT,NA,GBIF,Amphiprion_akallopisos
99.386938,7.28129,2014-01-13T13:59:41,HUMAN_OBSERVATION,iNaturalist research-grade observations,PRESENT,NA,GBIF,Amphiprion_akallopisos
98.77841,7.740738,2014-02-26T10:39,HUMAN_OBSERVATION,iNaturalist research-grade observations,PRESENT,NA,GBIF,Amphiprion_akallopisos
98.360344,7.609964,2014-06-28T15:19,HUMAN_OBSERVATION,iNaturalist research-grade observations,PRESENT,NA,GBIF,Amphiprion_akallopisos
98.769113,7.695434,2014-06-29T17:19,HUMAN_OBSERVATION,iNaturalist research-grade observations,PRESENT,NA,GBIF,Amphiprion_akallopisos
32.681632,-27.511511,2014-06-10,HUMAN_OBSERVATION,iNaturalist research-grade observations,PRESENT,NA,GBIF,Amphiprion_akallopisos
98.767909,7.655799,2014-07-03T18:24,HUMAN_OBSERVATION,iNaturalist research-grade observations,PRESENT,NA,GBIF,Amphiprion_akallopisos
98.442382,7.767923,2014-07-04T14:27,HUMAN_OBSERVATION,iNaturalist research-grade observations,PRESENT,NA,GBIF,Amphiprion_akallopisos
55.81619,-4.31772,2014-10-07,HUMAN_OBSERVATION,NA,PRESENT,NA,GBIF,Amphiprion_akallopisos
39.570415,-4.344588,2013-01-08T06:11,HUMAN_OBSERVATION,iNaturalist research-grade observations,PRESENT,NA,GBIF,Amphiprion_akallopisos
98.7757,7.74348,2013-02-06T09:05Z,HUMAN_OBSERVATION,Diveboard - Scuba diving citizen science,PRESENT,9.295,GBIF,Amphiprion_akallopisos
97.816867,9.0627,2013-03-17T06:14,HUMAN_OBSERVATION,iNaturalist research-grade observations,PRESENT,NA,GBIF,Amphiprion_akallopisos
39.751611,-7.974988,2013-03-09T12:19,HUMAN_OBSERVATION,iNaturalist research-grade observations,PRESENT,NA,GBIF,Amphiprion_akallopisos
32.6799,-27.5339,2013-05-29,HUMAN_OBSERVATION,NA,PRESENT,NA,GBIF,Amphiprion_akallopisos
45.27122,-12.85713,2013-06-01,HUMAN_OBSERVATION,NA,PRESENT,NA,GBIF,Amphiprion_akallopisos
45.27202,-12.86316,2013-06-02,HUMAN_OBSERVATION,NA,PRESENT,NA,GBIF,Amphiprion_akallopisos
43.620703,-23.661402,2013-09-19T09:37,HUMAN_OBSERVATION,iNaturalist research-grade observations,PRESENT,NA,GBIF,Amphiprion_akallopisos
43.604167,-23.648333,2013-11-18T18:02,HUMAN_OBSERVATION,iNaturalist research-grade observations,PRESENT,NA,GBIF,Amphiprion_akallopisos
32.7121,-27.45192,2012-01-09,HUMAN_OBSERVATION,iNaturalist research-grade observations,PRESENT,NA,GBIF,Amphiprion_akallopisos
35.555383,-23.848247,2012-01-13T12:48,HUMAN_OBSERVATION,iNaturalist research-grade observations,PRESENT,NA,GBIF,Amphiprion_akallopisos
98.7969,7.94734,2012-02-27T12:00Z,HUMAN_OBSERVATION,Diveboard - Scuba diving citizen science,PRESENT,7.5,GBIF,Amphiprion_akallopisos
43.238751,-22.110305,2012-02-24T09:26,HUMAN_OBSERVATION,iNaturalist research-grade observations,PRESENT,NA,GBIF,Amphiprion_akallopisos
106.612,-5.7431,2012-05-19T10:30Z,HUMAN_OBSERVATION,Diveboard - Scuba diving citizen science,PRESENT,9,GBIF,Amphiprion_akallopisos
40.1441,-10.1948,2012-05-27T00:00,HUMAN_OBSERVATION,NA,PRESENT,NA,GBIF,Amphiprion_akallopisos
40.1416,-10.2019,2012-05-27T00:00,HUMAN_OBSERVATION,NA,PRESENT,NA,GBIF,Amphiprion_akallopisos
40.1688,-10.233,2012-05-29T00:00,HUMAN_OBSERVATION,NA,PRESENT,NA,GBIF,Amphiprion_akallopisos
40.1884,-10.2636,2012-05-30T00:00,HUMAN_OBSERVATION,NA,PRESENT,NA,GBIF,Amphiprion_akallopisos
40.1908,-10.2647,2012-05-30T00:00,HUMAN_OBSERVATION,NA,PRESENT,NA,GBIF,Amphiprion_akallopisos
45.269495,-12.867766,2012-05-10T15:07,HUMAN_OBSERVATION,iNaturalist research-grade observations,PRESENT,NA,GBIF,Amphiprion_akallopisos
39.544234,-6.188897,2012-05-08T20:54,HUMAN_OBSERVATION,iNaturalist research-grade observations,PRESENT,NA,GBIF,Amphiprion_akallopisos
39.541916,-6.183479,2012-05-08T20:26,HUMAN_OBSERVATION,iNaturalist research-grade observations,PRESENT,NA,GBIF,Amphiprion_akallopisos
39.7157,-16.6556,2012-09-30T00:00,HUMAN_OBSERVATION,NA,PRESENT,NA,GBIF,Amphiprion_akallopisos
39.570555,-4.374167,2012-11-05T07:52Z,HUMAN_OBSERVATION,iNaturalist research-grade observations,PRESENT,NA,GBIF,Amphiprion_akallopisos
39.581962,-4.340587,2012-11-08T08:36Z,HUMAN_OBSERVATION,iNaturalist research-grade observations,PRESENT,NA,GBIF,Amphiprion_akallopisos
98.7561,7.6916,2012-12-16T10:10Z,HUMAN_OBSERVATION,Diveboard - Scuba diving citizen science,PRESENT,8.25,GBIF,Amphiprion_akallopisos
98.8969,7.43321,2012-12-17T12:23Z,HUMAN_OBSERVATION,Diveboard - Scuba diving citizen science,PRESENT,9,GBIF,Amphiprion_akallopisos
47.33786,-11.52437,2012-12-09,HUMAN_OBSERVATION,NA,PRESENT,NA,GBIF,Amphiprion_akallopisos
47.24623,-11.52509,2012-12-14,HUMAN_OBSERVATION,NA,PRESENT,NA,GBIF,Amphiprion_akallopisos
47.24695,-11.61546,2012-12-09,HUMAN_OBSERVATION,NA,PRESENT,NA,GBIF,Amphiprion_akallopisos
32.6809,-27.5333,2011-02-27,HUMAN_OBSERVATION,NA,PRESENT,NA,GBIF,Amphiprion_akallopisos
95.250399,5.887198,2011-03-17T09:46,HUMAN_OBSERVATION,iNaturalist research-grade observations,PRESENT,NA,GBIF,Amphiprion_akallopisos
98.8639,7.39924,2011-04-20T12:32Z,HUMAN_OBSERVATION,Diveboard - Scuba diving citizen science,PRESENT,5.8,GBIF,Amphiprion_akallopisos
40.29474,-22.3126,2011-11-07,HUMAN_OBSERVATION,NA,PRESENT,12,GBIF,Amphiprion_akallopisos
35.558,-22.843,2010-01-01,MATERIAL_SAMPLE,NA,PRESENT,26,GBIF,Amphiprion_akallopisos
35.5583,-22.8433,2010-01-01,PRESERVED_SPECIMEN,Ocean Genome Legacy Collection,PRESENT,26,GBIF,Amphiprion_akallopisos
35.56,-22.84,2010-01-01,PRESERVED_SPECIMEN,NA,PRESENT,NA,GBIF,Amphiprion_akallopisos
97.800979,8.826379,2010-01-28T14:57,HUMAN_OBSERVATION,iNaturalist research-grade observations,PRESENT,NA,GBIF,Amphiprion_akallopisos
98.8956,7.42953,2010-04-19T10:17Z,HUMAN_OBSERVATION,Diveboard - Scuba diving citizen science,PRESENT,8,GBIF,Amphiprion_akallopisos
92.980299,12.044021,2010-04-18,HUMAN_OBSERVATION,iNaturalist research-grade observations,PRESENT,NA,GBIF,Amphiprion_akallopisos
45.199196,-12.938359,2009-01-03T09:01,HUMAN_OBSERVATION,iNaturalist research-grade observations,PRESENT,NA,GBIF,Amphiprion_akallopisos
95.2563,5.8815,2009-02-22T00:00,HUMAN_OBSERVATION,NA,PRESENT,NA,GBIF,Amphiprion_akallopisos
95.3779,5.8259,2009-02-24T00:00,HUMAN_OBSERVATION,NA,PRESENT,NA,GBIF,Amphiprion_akallopisos
95.3367,5.7773,2009-02-28T00:00,HUMAN_OBSERVATION,NA,PRESENT,NA,GBIF,Amphiprion_akallopisos
95.2529,5.8949,2009-02-23T00:00,HUMAN_OBSERVATION,NA,PRESENT,NA,GBIF,Amphiprion_akallopisos
95.2526,5.8979,2009-02-25T00:00,HUMAN_OBSERVATION,NA,PRESENT,NA,GBIF,Amphiprion_akallopisos
95.3466,5.8006,2009-02-28T00:00,HUMAN_OBSERVATION,NA,PRESENT,NA,GBIF,Amphiprion_akallopisos
45.030081,-12.910955,2009-06-02T08:04,HUMAN_OBSERVATION,iNaturalist research-grade observations,PRESENT,NA,GBIF,Amphiprion_akallopisos
45.14077,-12.6428,2009-11-20,HUMAN_OBSERVATION,NA,PRESENT,NA,GBIF,Amphiprion_akallopisos
45.14083,-12.64278,2009-11-20,HUMAN_OBSERVATION,NA,PRESENT,NA,GBIF,Amphiprion_akallopisos
32.692241,-27.525362,2008-04-04T08:05,HUMAN_OBSERVATION,iNaturalist research-grade observations,PRESENT,NA,GBIF,Amphiprion_akallopisos
98.330747,7.984311,2008-04-16T13:47,HUMAN_OBSERVATION,iNaturalist research-grade observations,PRESENT,NA,GBIF,Amphiprion_akallopisos
48.35,-13.38111,2008-05-12,MATERIAL_SAMPLE,NA,PRESENT,4,GBIF,Amphiprion_akallopisos
48.308,-13.42,2008-05-12,MATERIAL_SAMPLE,NA,PRESENT,4,GBIF,Amphiprion_akallopisos
48.31,-13.42,2008-05-12,PRESERVED_SPECIMEN,NA,PRESENT,NA,GBIF,Amphiprion_akallopisos
48.35,-13.38,2008-05-12,PRESERVED_SPECIMEN,NA,PRESENT,NA,GBIF,Amphiprion_akallopisos
45.06402,-12.969079,2008-12-03T15:04,HUMAN_OBSERVATION,iNaturalist research-grade observations,PRESENT,NA,GBIF,Amphiprion_akallopisos
98.850932,7.13015,2007-01-14T07:46,HUMAN_OBSERVATION,iNaturalist research-grade observations,PRESENT,NA,GBIF,Amphiprion_akallopisos
98.941897,7.617562,2007-10-27T12:20Z,HUMAN_OBSERVATION,iNaturalist research-grade observations,PRESENT,NA,GBIF,Amphiprion_akallopisos
32.683942,-27.529515,2007-11-29T09:15,HUMAN_OBSERVATION,iNaturalist research-grade observations,PRESENT,NA,GBIF,Amphiprion_akallopisos
73.47253,3.17548,2006-02-01,HUMAN_OBSERVATION,NA,PRESENT,NA,GBIF,Amphiprion_akallopisos
106.836998,-6.079,2006-03-22,PRESERVED_SPECIMEN,Ocean Genome Legacy Collection,PRESENT,NA,GBIF,Amphiprion_akallopisos
106.84,-6.08,2006-03-22,PRESERVED_SPECIMEN,NA,PRESENT,NA,GBIF,Amphiprion_akallopisos
46.216935,-9.412183,2006-04-06,HUMAN_OBSERVATION,iNaturalist research-grade observations,PRESENT,NA,GBIF,Amphiprion_akallopisos
98.81054,7.98198,2006-10-23T21:12Z,HUMAN_OBSERVATION,iNaturalist research-grade observations,PRESENT,NA,GBIF,Amphiprion_akallopisos
39.536024,-6.180184,2005-01-30T16:19,HUMAN_OBSERVATION,iNaturalist research-grade observations,PRESENT,NA,GBIF,Amphiprion_akallopisos
100.35,-0.95,2005-03-03,MATERIAL_SAMPLE,NA,PRESENT,NA,GBIF,Amphiprion_akallopisos
97.637463,8.589465,2005-12-15,HUMAN_OBSERVATION,iNaturalist research-grade observations,PRESENT,NA,GBIF,Amphiprion_akallopisos
32.7,-27.49,2004-12-18,HUMAN_OBSERVATION,iNaturalist research-grade observations,PRESENT,NA,GBIF,Amphiprion_akallopisos
99.609717,6.660205,2002-07-10T15:24,HUMAN_OBSERVATION,iNaturalist research-grade observations,PRESENT,NA,GBIF,Amphiprion_akallopisos
40.589405,-12.977879,2001-10-20,HUMAN_OBSERVATION,iNaturalist research-grade observations,PRESENT,NA,GBIF,Amphiprion_akallopisos
43.304999,-11.376399,1997-03-12T10:00,HUMAN_OBSERVATION,iNaturalist research-grade observations,PRESENT,NA,GBIF,Amphiprion_akallopisos
45.27762,-12.8726,1995-02-17/1995-03-03,HUMAN_OBSERVATION,NA,PRESENT,NA,GBIF,Amphiprion_akallopisos
45.26539,-12.85264,1995-02-17/1995-03-03,HUMAN_OBSERVATION,NA,PRESENT,NA,GBIF,Amphiprion_akallopisos
45.27101,-12.86398,1995-02-17/1995-03-03,HUMAN_OBSERVATION,NA,PRESENT,NA,GBIF,Amphiprion_akallopisos
98.395833,7.786111,1993-11-10,PRESERVED_SPECIMEN,Royal Ontario Museum Ichthyology (ROMI),PRESENT,NA,GBIF,Amphiprion_akallopisos
98.379167,7.603889,1993-11-17,PRESERVED_SPECIMEN,Royal Ontario Museum Ichthyology (ROMI),PRESENT,NA,GBIF,Amphiprion_akallopisos
45.167,-12.917,1988-11,PRESERVED_SPECIMEN,NA,PRESENT,5,GBIF,Amphiprion_akallopisos
45.221667,-12.948333,1988-11-13,PRESERVED_SPECIMEN,Royal Ontario Museum Ichthyology (ROMI),PRESENT,NA,GBIF,Amphiprion_akallopisos
44.3175,-12.185833,1988-11-21,PRESERVED_SPECIMEN,Royal Ontario Museum Ichthyology (ROMI),PRESENT,NA,GBIF,Amphiprion_akallopisos
45.038056,-12.672778,1988-11-17,PRESERVED_SPECIMEN,Royal Ontario Museum Ichthyology (ROMI),PRESENT,NA,GBIF,Amphiprion_akallopisos
45.225,-12.743333,1988-11-11,PRESERVED_SPECIMEN,Royal Ontario Museum Ichthyology (ROMI),PRESENT,NA,GBIF,Amphiprion_akallopisos
43.66,-12.358333,1988-11-28,PRESERVED_SPECIMEN,Royal Ontario Museum Ichthyology (ROMI),PRESENT,NA,GBIF,Amphiprion_akallopisos
44.488889,-12.0875,1988-11-20,PRESERVED_SPECIMEN,Royal Ontario Museum Ichthyology (ROMI),PRESENT,NA,GBIF,Amphiprion_akallopisos
44.4,-12.158333,1988-11-19,PRESERVED_SPECIMEN,Royal Ontario Museum Ichthyology (ROMI),PRESENT,NA,GBIF,Amphiprion_akallopisos
45.074444,-12.673056,1988-11-15,PRESERVED_SPECIMEN,Royal Ontario Museum Ichthyology (ROMI),PRESENT,NA,GBIF,Amphiprion_akallopisos
43.652778,-12.405278,1988-11-26,PRESERVED_SPECIMEN,Royal Ontario Museum Ichthyology (ROMI),PRESENT,NA,GBIF,Amphiprion_akallopisos
106.571,-5.8569,1974-04-05,PRESERVED_SPECIMEN,NMNH Extant Biology,PRESENT,2.5,GBIF,Amphiprion_akallopisos
40.09,-3.33,1972-12-05,PRESERVED_SPECIMEN,LACM Vertebrates,PRESENT,NA,GBIF,Amphiprion_akallopisos
46.333333,-9.416667,1971-01-01,PRESERVED_SPECIMEN,NA,PRESENT,NA,GBIF,Amphiprion_akallopisos
46.21,-9.3983,1967-08-19,PRESERVED_SPECIMEN,NMNH Extant Biology,PRESENT,1.5,GBIF,Amphiprion_akallopisos
46.2067,-9.3983,1967-08-25,PRESERVED_SPECIMEN,NMNH Extant Biology,PRESENT,1.5,GBIF,Amphiprion_akallopisos
46.2083,-9.3933,1967-08-18,PRESERVED_SPECIMEN,NMNH Extant Biology,PRESENT,1.5,GBIF,Amphiprion_akallopisos
46.4383,-9.365,1967-09-14,PRESERVED_SPECIMEN,NMNH Extant Biology,PRESENT,1.5,GBIF,Amphiprion_akallopisos
48.23,-13.4083,1964-02-15,PRESERVED_SPECIMEN,NMNH Extant Biology,PRESENT,NA,GBIF,Amphiprion_akallopisos
48.3817,-13.4361,1964-02-14,PRESERVED_SPECIMEN,NMNH Extant Biology,PRESENT,NA,GBIF,Amphiprion_akallopisos
46.2481,-9.3806,1964-12-04,PRESERVED_SPECIMEN,NMNH Extant Biology,PRESENT,2.5,GBIF,Amphiprion_akallopisos
39.666667,-4.05,1962,PRESERVED_SPECIMEN,NA,PRESENT,NA,GBIF,Amphiprion_akallopisos
93.5,8,1958-08-09,PRESERVED_SPECIMEN,NA,PRESENT,NA,GBIF,Amphiprion_akallopisos
95.29099,5.86235,1902,PRESERVED_SPECIMEN,NA,PRESENT,NA,GBIF,Amphiprion_akallopisos
97.78333,9.166667,NA,OCCURRENCE,NA,PRESENT,NA,GBIF,Amphiprion_akallopisos
106.833333,-6.183333,NA,PRESERVED_SPECIMEN,NA,PRESENT,NA,GBIF,Amphiprion_akallopisos
55.666667,-4.583333,NA,PRESERVED_SPECIMEN,NA,PRESENT,NA,GBIF,Amphiprion_akallopisos
43.517,-23.333,NA,PRESERVED_SPECIMEN,NA,PRESENT,NA,GBIF,Amphiprion_akallopisos
50.3531,-15.7291,NA,MATERIAL_SAMPLE,NA,PRESENT,NA,GBIF,Amphiprion_akallopisos
45.14743,-12.8206,NA,HUMAN_OBSERVATION,NA,PRESENT,NA,GBIF,Amphiprion_akallopisos
40.83955,-20.74312,NA,HUMAN_OBSERVATION,NA,PRESENT,NA,GBIF,Amphiprion_akallopisos
50.35,-15.73,NA,PRESERVED_SPECIMEN,NA,PRESENT,NA,GBIF,Amphiprion_akallopisos
46.349313,-9.422229,NA,HUMAN_OBSERVATION,NA,PRESENT,NA,GBIF,Amphiprion_akallopisos
