scientificName,decimalLongitude,decimalLatitude,date_year,month,day,eventDate,dataset_id,occurrenceStatus,depth,source
Radianthus crispa,129.5,-3.0999999049999998,NA,NA,NA,NA,6c813a6c-86f7-4d45-beb5-33eebd8de938,present,NA,obis.org
Radianthus crispa,129.5,-3.09999990463,NA,NA,NA,NA,c380d2c9-98b3-48cf-af6c-56a88b81f1a4,NA,NA,obis.org
Radianthus crispa,145.787948608,18.1683197021,2007,6,5,2007-06-05,da77ef95-bff6-43f9-8af8-2a1dfa400ba8,NA,12,obis.org
Radianthus crispa,127.9447313,26.5974838,2007,NA,NA,2007-07-31,61a0fac8-6bba-4c30-986b-248bc12da62c,Present,5,obis.org
Radianthus crispa,153.399993896,-27.1800003052,NA,NA,NA,NA,c380d2c9-98b3-48cf-af6c-56a88b81f1a4,NA,NA,obis.org
Radianthus crispa,153.179992676,-26.6299991608,NA,NA,NA,NA,c380d2c9-98b3-48cf-af6c-56a88b81f1a4,NA,NA,obis.org
Radianthus crispa,145.208724976,20.0134792328,2007,6,1,2007-06-01,da77ef95-bff6-43f9-8af8-2a1dfa400ba8,NA,13,obis.org
Radianthus crispa,127.3899994,0.779999971,NA,NA,NA,NA,6c813a6c-86f7-4d45-beb5-33eebd8de938,present,NA,obis.org
Radianthus crispa,-144.9400024,-16.10000038,NA,NA,NA,NA,6c813a6c-86f7-4d45-beb5-33eebd8de938,present,NA,obis.org
Radianthus crispa,34,28.5,NA,NA,NA,NA,c380d2c9-98b3-48cf-af6c-56a88b81f1a4,NA,10,obis.org
Radianthus crispa,129.8399963,-4.53000021,NA,NA,NA,NA,6c813a6c-86f7-4d45-beb5-33eebd8de938,present,NA,obis.org
Radianthus crispa,128.1600037,-3.700000048,NA,NA,NA,NA,6c813a6c-86f7-4d45-beb5-33eebd8de938,present,NA,obis.org
Radianthus crispa,153.1799927,-26.62999916,NA,NA,NA,NA,6c813a6c-86f7-4d45-beb5-33eebd8de938,present,NA,obis.org
Radianthus crispa,132.699996948,-5.69999980927,NA,NA,NA,NA,c380d2c9-98b3-48cf-af6c-56a88b81f1a4,NA,NA,obis.org
Radianthus crispa,153.3800049,-29.92000008,NA,NA,NA,NA,6c813a6c-86f7-4d45-beb5-33eebd8de938,present,NA,obis.org
Radianthus crispa,58.73971,23.52733,2020,NA,NA,2020-01-17,c5687a17-e454-40f9-9a4b-d04b2c812d74,NA,NA,obis.org
Radianthus crispa,-144.940002441,-16.1000003815,NA,NA,NA,NA,c380d2c9-98b3-48cf-af6c-56a88b81f1a4,NA,NA,obis.org
Radianthus crispa,127.949996948,26.6499996185,NA,NA,NA,NA,c380d2c9-98b3-48cf-af6c-56a88b81f1a4,NA,2,obis.org
Radianthus crispa,145.452,-14.6848,2009,NA,NA,2009-04-14,0e4e4700-5e70-48b1-b100-d6b05888dfa9,present,NA,obis.org
Radianthus crispa,120.84127,13.65083,2014,5,4,2014-05-04,aa16d305-d413-4c4a-90be-b1ec3298d58d,NA,NA,obis.org
Radianthus crispa,153.3999939,-27.18000031,NA,NA,NA,NA,6c813a6c-86f7-4d45-beb5-33eebd8de938,present,NA,obis.org
Radianthus crispa,95,10,1896,NA,NA,NA,6d4cc1ed-ed0a-4a17-abd3-7daaa8cb3fb0,present,NA,obis.org
Radianthus crispa,119.300003052,-5.5,NA,NA,NA,NA,c380d2c9-98b3-48cf-af6c-56a88b81f1a4,NA,14,obis.org
Radianthus crispa,122.98484,-12.26233,1986,NA,NA,1986-09-11,0a6c216b-0abe-44d2-a45c-43d9611e2a03,present,NA,obis.org
Radianthus crispa,162.240005493,11.6400003433,NA,NA,NA,NA,c380d2c9-98b3-48cf-af6c-56a88b81f1a4,NA,NA,obis.org
Radianthus crispa,145.679992676,-15.529999733,NA,NA,NA,NA,c380d2c9-98b3-48cf-af6c-56a88b81f1a4,NA,NA,obis.org
Radianthus crispa,153.55,-27.4,2005,NA,NA,2005-02-18,6078be2d-e1af-47b3-bd70-3956dd95f664,present,NA,obis.org
Radianthus crispa,144.75,13.470000267,NA,NA,NA,NA,c380d2c9-98b3-48cf-af6c-56a88b81f1a4,NA,NA,obis.org
Radianthus crispa,124.625,-15.49,NA,NA,NA,NA,0a6c216b-0abe-44d2-a45c-43d9611e2a03,present,NA,obis.org
Radianthus crispa,93,10,1896,NA,NA,NA,6d4cc1ed-ed0a-4a17-abd3-7daaa8cb3fb0,present,NA,obis.org
Radianthus crispa,132.6999969,-5.699999809,NA,NA,NA,NA,6c813a6c-86f7-4d45-beb5-33eebd8de938,present,NA,obis.org
Radianthus crispa,147.731,-18.9445,1987,NA,NA,1987-02-02,6078be2d-e1af-47b3-bd70-3956dd95f664,present,NA,obis.org
Radianthus crispa,52.7299995422,-7.07999992371,NA,NA,NA,NA,c380d2c9-98b3-48cf-af6c-56a88b81f1a4,NA,3.5,obis.org
Radianthus crispa,144.2700043,-3.7300000190000002,NA,NA,NA,NA,6c813a6c-86f7-4d45-beb5-33eebd8de938,present,16,obis.org
Radianthus crispa,55.3699989319,-5.82000017166,NA,NA,NA,NA,c380d2c9-98b3-48cf-af6c-56a88b81f1a4,NA,NA,obis.org
Radianthus crispa,166.410003662,-22.2999992371,NA,NA,NA,NA,c380d2c9-98b3-48cf-af6c-56a88b81f1a4,NA,NA,obis.org
Radianthus crispa,34.3,27.75,1834,NA,NA,NA,6d4cc1ed-ed0a-4a17-abd3-7daaa8cb3fb0,present,NA,obis.org
Radianthus crispa,127.38999939,0.77999997139,NA,NA,NA,NA,c380d2c9-98b3-48cf-af6c-56a88b81f1a4,NA,NA,obis.org
Radianthus crispa,153.3999939,-30.10000038,NA,NA,NA,NA,6c813a6c-86f7-4d45-beb5-33eebd8de938,present,NA,obis.org
Radianthus crispa,153.399993896,-30.1000003815,NA,NA,NA,NA,c380d2c9-98b3-48cf-af6c-56a88b81f1a4,NA,NA,obis.org
Radianthus crispa,166.4100037,-22.299999239999998,NA,NA,NA,NA,6c813a6c-86f7-4d45-beb5-33eebd8de938,present,NA,obis.org
Radianthus crispa,34.9500007629,29.5300006866,NA,NA,NA,NA,c380d2c9-98b3-48cf-af6c-56a88b81f1a4,NA,7.5,obis.org
Radianthus crispa,-148.679992676,-14.8699998856,NA,NA,NA,NA,c380d2c9-98b3-48cf-af6c-56a88b81f1a4,NA,NA,obis.org
Radianthus crispa,46.2066688538,-9.3983297348,1967,8,25,1967-08-25,89e23fc8-3f61-4480-9de3-358fe6eefe0b,NA,3,obis.org
Radianthus crispa,48.2466697693,-13.4772195816,1964,1,21,1964-01-21,89e23fc8-3f61-4480-9de3-358fe6eefe0b,NA,2,obis.org
Radianthus crispa,55.8300018311,-4.38000011444,NA,NA,NA,NA,c380d2c9-98b3-48cf-af6c-56a88b81f1a4,NA,12,obis.org
Radianthus crispa,145.5,-14.63000011,NA,NA,NA,NA,6c813a6c-86f7-4d45-beb5-33eebd8de938,present,NA,obis.org
Radianthus crispa,34.6383323669,28.5799999237,1834,NA,NA,1834-07-02,d0d2a510-ba24-487b-80ca-afc86922cb1c,NA,NA,obis.org
Radianthus crispa,145.6799927,-15.52999973,NA,NA,NA,NA,6c813a6c-86f7-4d45-beb5-33eebd8de938,present,NA,obis.org
Radianthus crispa,127.9447313,26.5974838,2007,NA,NA,2007-07-09,61a0fac8-6bba-4c30-986b-248bc12da62c,Present,2,obis.org
Radianthus crispa,128.160003662,-3.70000004768,NA,NA,NA,NA,c380d2c9-98b3-48cf-af6c-56a88b81f1a4,NA,1.5,obis.org
Radianthus crispa,52.7200012207,-7.03000020981,NA,NA,NA,NA,c380d2c9-98b3-48cf-af6c-56a88b81f1a4,NA,25,obis.org
Radianthus crispa,126.5,25.5,NA,NA,NA,NA,c380d2c9-98b3-48cf-af6c-56a88b81f1a4,NA,NA,obis.org
Radianthus crispa,109.400001526,12.8199996948,NA,NA,NA,NA,c380d2c9-98b3-48cf-af6c-56a88b81f1a4,NA,11.5,obis.org
Radianthus crispa,99.8553,10.1014,2012,7,30,2012-07-30,4d2a31a3-bb76-4ffe-a2f9-817e975f6ba9,present,9,obis.org
Radianthus crispa,55.6666679382,-4.58277797699,1834,NA,NA,1834-07-02,d0d2a510-ba24-487b-80ca-afc86922cb1c,NA,NA,obis.org
Radianthus crispa,129.839996338,-4.53000020981,NA,NA,NA,NA,c380d2c9-98b3-48cf-af6c-56a88b81f1a4,NA,NA,obis.org
Radianthus crispa,145.4700012,-14.67000008,NA,NA,NA,NA,6c813a6c-86f7-4d45-beb5-33eebd8de938,present,5,obis.org
Radianthus crispa,41.3852,16.9789,2014,NA,NA,2014-10-24,c5687a17-e454-40f9-9a4b-d04b2c812d74,NA,NA,obis.org
Radianthus crispa,115.416999817,-20.6669998169,1966,9,6,1966-09-06,89e23fc8-3f61-4480-9de3-358fe6eefe0b,NA,NA,obis.org
Radianthus crispa,122.98484,-12.26233,1986,NA,NA,1986-09-12,4de38683-84d2-4ee5-b45c-582b31c51c18,present,NA,obis.org
Radianthus crispa,38.8301,21.7794,2014,NA,NA,2014-11-08,c5687a17-e454-40f9-9a4b-d04b2c812d74,NA,NA,obis.org
Radianthus crispa,128.2760884,26.8601916,2005,NA,NA,2005-05-04,61a0fac8-6bba-4c30-986b-248bc12da62c,Present,NA,obis.org
Radianthus crispa,-159.779,-21.2058,2013,6,7,2013-06-07,4d2a31a3-bb76-4ffe-a2f9-817e975f6ba9,present,12.19,obis.org
Radianthus crispa,103.199996948,4.09999990463,NA,NA,NA,NA,c380d2c9-98b3-48cf-af6c-56a88b81f1a4,NA,NA,obis.org
Radianthus crispa,105.6167,-10.4833,NA,NA,NA,NA,0a6c216b-0abe-44d2-a45c-43d9611e2a03,present,NA,obis.org
Radianthus crispa,153.6300049,-28.62999916,NA,NA,NA,NA,6c813a6c-86f7-4d45-beb5-33eebd8de938,present,NA,obis.org
Radianthus crispa,55.6666679382,-4.58277797699,NA,NA,NA,NA,d0d2a510-ba24-487b-80ca-afc86922cb1c,NA,NA,obis.org
Radianthus crispa,153.380004883,-29.9200000763,NA,NA,NA,NA,c380d2c9-98b3-48cf-af6c-56a88b81f1a4,NA,15,obis.org
Radianthus crispa,145.45399,-14.645,2013,NA,NA,2013-11-29,0e4e4700-5e70-48b1-b100-d6b05888dfa9,present,NA,obis.org
Radianthus crispa,142.259994507,-9.89000034332,NA,NA,NA,NA,c380d2c9-98b3-48cf-af6c-56a88b81f1a4,NA,NA,obis.org
Radianthus crispa,153.1000061,-30.82999992,NA,NA,NA,NA,6c813a6c-86f7-4d45-beb5-33eebd8de938,present,NA,obis.org
Radianthus crispa,145.5,-14.6300001144,NA,NA,NA,NA,c380d2c9-98b3-48cf-af6c-56a88b81f1a4,NA,NA,obis.org
Radianthus crispa,151.8703333333,7.4773333333,1993,2,3,1993-02-03,aa16d305-d413-4c4a-90be-b1ec3298d58d,NA,5,obis.org
Radianthus crispa,52.7200012207,-7,NA,NA,NA,NA,c380d2c9-98b3-48cf-af6c-56a88b81f1a4,NA,12.5,obis.org
Radianthus crispa,144.070007324,-9.92000007629,NA,NA,NA,NA,c380d2c9-98b3-48cf-af6c-56a88b81f1a4,NA,1,obis.org
Radianthus crispa,150.699996948,-5.69999980927,NA,NA,NA,NA,c380d2c9-98b3-48cf-af6c-56a88b81f1a4,NA,NA,obis.org
Radianthus crispa,106.830001831,-6.07999992371,NA,NA,NA,NA,c380d2c9-98b3-48cf-af6c-56a88b81f1a4,NA,NA,obis.org
Radianthus crispa,145.7899933,-5.230000019,NA,NA,NA,NA,6c813a6c-86f7-4d45-beb5-33eebd8de938,present,15,obis.org
Radianthus crispa,55.3499984741,-5.82999992371,NA,NA,NA,NA,c380d2c9-98b3-48cf-af6c-56a88b81f1a4,NA,4,obis.org
Radianthus crispa,144.797653198,13.5169801712,2003,9,24,2003-09-24,da77ef95-bff6-43f9-8af8-2a1dfa400ba8,NA,12.5,obis.org
Radianthus crispa,93.6999969482,7.19999980927,NA,NA,NA,NA,c380d2c9-98b3-48cf-af6c-56a88b81f1a4,NA,NA,obis.org
Radianthus crispa,153.630004883,-28.6299991608,NA,NA,NA,NA,c380d2c9-98b3-48cf-af6c-56a88b81f1a4,NA,NA,obis.org
Radianthus crispa,144.270004272,-3.73000001907,NA,NA,NA,NA,c380d2c9-98b3-48cf-af6c-56a88b81f1a4,NA,16,obis.org
Radianthus crispa,55.5299987793,-4.73000001907,NA,NA,NA,NA,c380d2c9-98b3-48cf-af6c-56a88b81f1a4,NA,10,obis.org
Radianthus crispa,147.731,-18.945,1987,2,NA,1987-02-02,987a35d0-a3f3-4050-b8c4-de99b01d8eb6,present,7,obis.org
Radianthus crispa,151.899993896,-23.4300003052,NA,NA,NA,NA,c380d2c9-98b3-48cf-af6c-56a88b81f1a4,NA,NA,obis.org
Radianthus crispa,142.2599945,-9.890000343,NA,NA,NA,NA,6c813a6c-86f7-4d45-beb5-33eebd8de938,present,NA,obis.org
Radianthus crispa,98.3307,7.98431,2009,9,25,2009-09-25,4d2a31a3-bb76-4ffe-a2f9-817e975f6ba9,present,12.75,obis.org
Radianthus crispa,152.130004883,-4.17000007629,NA,NA,NA,NA,c380d2c9-98b3-48cf-af6c-56a88b81f1a4,NA,NA,obis.org
Radianthus crispa,104.155,2.825,2004,NA,NA,NA,04e3fd32-b08b-4806-a016-d2dff52ae55a,present,NA,obis.org
Radianthus crispa,147.7310028,-18.94499969,1987,2,2,1987-02-02,6c813a6c-86f7-4d45-beb5-33eebd8de938,present,7,obis.org
Radianthus crispa,145.446,-14.6764,2009,NA,NA,2009-04-14,0e4e4700-5e70-48b1-b100-d6b05888dfa9,present,NA,obis.org
Radianthus crispa,55.666668,-4.582778,1893,NA,NA,NA,6d4cc1ed-ed0a-4a17-abd3-7daaa8cb3fb0,present,NA,obis.org
Radianthus crispa,55.4500007629,-4.65999984741,NA,NA,NA,NA,c380d2c9-98b3-48cf-af6c-56a88b81f1a4,NA,NA,obis.org
Radianthus crispa,-148.6799927,-14.86999989,NA,NA,NA,NA,6c813a6c-86f7-4d45-beb5-33eebd8de938,present,NA,obis.org
Radianthus crispa,145.470001221,-14.6700000763,NA,NA,NA,NA,c380d2c9-98b3-48cf-af6c-56a88b81f1a4,NA,NA,obis.org
Radianthus crispa,150.6999969,-5.699999809,NA,NA,NA,NA,6c813a6c-86f7-4d45-beb5-33eebd8de938,present,NA,obis.org
Radianthus crispa,153.100006104,-30.8299999237,NA,NA,NA,NA,c380d2c9-98b3-48cf-af6c-56a88b81f1a4,NA,NA,obis.org
Radianthus crispa,127.9447313,26.5974838,2007,NA,NA,2007-07-30,61a0fac8-6bba-4c30-986b-248bc12da62c,Present,NA,obis.org
Radianthus crispa,33.8400001526,27.2299995422,NA,NA,NA,NA,c380d2c9-98b3-48cf-af6c-56a88b81f1a4,NA,NA,obis.org
Radianthus crispa,139.5,34.0800018311,NA,NA,NA,NA,c380d2c9-98b3-48cf-af6c-56a88b81f1a4,NA,NA,obis.org
Radianthus crispa,153.630004883,-28.2999992371,NA,NA,NA,NA,c380d2c9-98b3-48cf-af6c-56a88b81f1a4,NA,NA,obis.org
Radianthus crispa,125.3667,-15.1666,NA,NA,NA,NA,4de38683-84d2-4ee5-b45c-582b31c51c18,present,NA,obis.org
Radianthus crispa,-143,-17.299999239999998,NA,NA,NA,NA,6c813a6c-86f7-4d45-beb5-33eebd8de938,present,NA,obis.org
Radianthus crispa,53.3499984741,-5.44999980927,NA,NA,NA,NA,c380d2c9-98b3-48cf-af6c-56a88b81f1a4,NA,10,obis.org
Radianthus crispa,34.2999992371,27.75,1834,NA,NA,1834-07-02,d0d2a510-ba24-487b-80ca-afc86922cb1c,NA,NA,obis.org
Radianthus crispa,127.282997131,26.1800003052,NA,NA,NA,NA,c380d2c9-98b3-48cf-af6c-56a88b81f1a4,NA,7.1499999999999995,obis.org
Radianthus crispa,124,11,NA,NA,NA,NA,c380d2c9-98b3-48cf-af6c-56a88b81f1a4,NA,NA,obis.org
Radianthus crispa,128.15,-3.65,NA,NA,NA,NA,b74b429a-4052-4f5b-bff3-fe0b5a2e8669,present,NA,obis.org
Radianthus crispa,128,-3,NA,NA,NA,NA,c380d2c9-98b3-48cf-af6c-56a88b81f1a4,NA,NA,obis.org
Radianthus crispa,145.789993286,-5.23000001907,NA,NA,NA,NA,c380d2c9-98b3-48cf-af6c-56a88b81f1a4,NA,15,obis.org
Radianthus crispa,38.2900009155,21.5499992371,NA,NA,NA,NA,c380d2c9-98b3-48cf-af6c-56a88b81f1a4,NA,NA,obis.org
Radianthus crispa,153.6300049,-28.299999239999998,NA,NA,NA,NA,6c813a6c-86f7-4d45-beb5-33eebd8de938,present,NA,obis.org
Radianthus crispa,34.638332,28.58,1834,NA,NA,NA,6d4cc1ed-ed0a-4a17-abd3-7daaa8cb3fb0,present,NA,obis.org
Radianthus crispa,145.442,-14.6852,2012,NA,NA,2012-03-28,0e4e4700-5e70-48b1-b100-d6b05888dfa9,present,NA,obis.org
Radianthus crispa,145.466,-14.6924,2007,NA,NA,2007-11-01,0e4e4700-5e70-48b1-b100-d6b05888dfa9,present,NA,obis.org
Radianthus crispa,145.479,-14.6717,2013,NA,NA,2013-04-20,0e4e4700-5e70-48b1-b100-d6b05888dfa9,present,NA,obis.org
Radianthus crispa,145.664,-14.6641,2013,NA,NA,2013-11-30,0e4e4700-5e70-48b1-b100-d6b05888dfa9,present,NA,obis.org
Radianthus crispa,55.5299987793,-4.78000020981,NA,NA,NA,NA,c380d2c9-98b3-48cf-af6c-56a88b81f1a4,NA,15,obis.org
Radianthus crispa,-143,-17.2999992371,NA,NA,NA,NA,c380d2c9-98b3-48cf-af6c-56a88b81f1a4,NA,NA,obis.org
Radianthus crispa,152.1300049,-4.170000076,NA,NA,NA,NA,6c813a6c-86f7-4d45-beb5-33eebd8de938,present,NA,obis.org
Radianthus crispa,12.6368,55.9165,2012,3,22,2012-03-22,4d2a31a3-bb76-4ffe-a2f9-817e975f6ba9,present,12.9,obis.org
Radianthus crispa,124.040000916,24.3500003815,NA,NA,NA,NA,c380d2c9-98b3-48cf-af6c-56a88b81f1a4,NA,7.5,obis.org
Radianthus crispa,53.2999992371,-5.75,NA,NA,NA,NA,c380d2c9-98b3-48cf-af6c-56a88b81f1a4,NA,17.5,obis.org
Radianthus crispa,58.50068,23.68342,2020,NA,NA,2020-01-30,c5687a17-e454-40f9-9a4b-d04b2c812d74,NA,NA,obis.org
Radianthus crispa,151.8999939,-23.43000031,NA,NA,NA,NA,6c813a6c-86f7-4d45-beb5-33eebd8de938,present,NA,obis.org
Radianthus crispa,128,26.0799999237,NA,NA,NA,NA,c380d2c9-98b3-48cf-af6c-56a88b81f1a4,NA,NA,obis.org
Radianthus crispa,125.3667,-15.1666,1987,NA,NA,1987-05-25,0a6c216b-0abe-44d2-a45c-43d9611e2a03,present,NA,obis.org
"Radianthus crispa (Hemprich & Ehrenberg, 1834)",178.065032,-17.713371,2012,3,5,2012-03-05,50c9509d-22c7-4a22-a47d-8c48425ef4a7,PRESENT,NA,gbif.org
"Radianthus crispa (Hemprich & Ehrenberg, 1834)",129.88413,-4.5056,2024,10,10,2024-10-10,50c9509d-22c7-4a22-a47d-8c48425ef4a7,PRESENT,NA,gbif.org
"Radianthus crispa (Hemprich & Ehrenberg, 1834)",-158.145004,-19.98986,2014,5,1,2014-05-01,50c9509d-22c7-4a22-a47d-8c48425ef4a7,PRESENT,NA,gbif.org
"Radianthus crispa (Hemprich & Ehrenberg, 1834)",166.481665,-22.284934,2023,8,20,2023-08-20,50c9509d-22c7-4a22-a47d-8c48425ef4a7,PRESENT,NA,gbif.org
"Radianthus crispa (Hemprich & Ehrenberg, 1834)",121.880268,11.865186,2025,1,11,2025-01-11,50c9509d-22c7-4a22-a47d-8c48425ef4a7,PRESENT,NA,gbif.org
"Radianthus crispa (Hemprich & Ehrenberg, 1834)",125.197651,1.432534,2023,11,2,2023-11-02,50c9509d-22c7-4a22-a47d-8c48425ef4a7,PRESENT,NA,gbif.org
"Radianthus crispa (Hemprich & Ehrenberg, 1834)",166.436408,-22.301087,2024,12,29,2024-12-29,50c9509d-22c7-4a22-a47d-8c48425ef4a7,PRESENT,NA,gbif.org
"Radianthus crispa (Hemprich & Ehrenberg, 1834)",166.436541,-22.300978,2024,11,30,2024-11-30,50c9509d-22c7-4a22-a47d-8c48425ef4a7,PRESENT,NA,gbif.org
"Radianthus crispa (Hemprich & Ehrenberg, 1834)",166.436006,-22.30023,2024,11,30,2024-11-30,50c9509d-22c7-4a22-a47d-8c48425ef4a7,PRESENT,NA,gbif.org
"Radianthus crispa (Hemprich & Ehrenberg, 1834)",166.436006,-22.30023,2024,11,28,2024-11-28,50c9509d-22c7-4a22-a47d-8c48425ef4a7,PRESENT,NA,gbif.org
"Radianthus crispa (Hemprich & Ehrenberg, 1834)",166.436006,-22.30023,2024,11,8,2024-11-08,50c9509d-22c7-4a22-a47d-8c48425ef4a7,PRESENT,NA,gbif.org
"Radianthus crispa (Hemprich & Ehrenberg, 1834)",34.920662,29.505201,2018,9,29,2018-09-29,50c9509d-22c7-4a22-a47d-8c48425ef4a7,PRESENT,NA,gbif.org
"Radianthus crispa (Hemprich & Ehrenberg, 1834)",118.62975,4.105069,2019,12,24,2019-12-24,50c9509d-22c7-4a22-a47d-8c48425ef4a7,PRESENT,NA,gbif.org
"Radianthus crispa (Hemprich & Ehrenberg, 1834)",115.853144,-8.721525,2024,9,8,2024-09-08,50c9509d-22c7-4a22-a47d-8c48425ef4a7,PRESENT,NA,gbif.org
"Radianthus crispa (Hemprich & Ehrenberg, 1834)",166.465029,-22.477227,2024,4,30,2024-04-30,50c9509d-22c7-4a22-a47d-8c48425ef4a7,PRESENT,NA,gbif.org
"Radianthus crispa (Hemprich & Ehrenberg, 1834)",166.373039,-22.328859,2020,6,5,2020-06-05,50c9509d-22c7-4a22-a47d-8c48425ef4a7,PRESENT,NA,gbif.org
"Radianthus crispa (Hemprich & Ehrenberg, 1834)",164.606403,-21.029785,2006,8,6,2006-08-06,50c9509d-22c7-4a22-a47d-8c48425ef4a7,PRESENT,NA,gbif.org
"Radianthus crispa (Hemprich & Ehrenberg, 1834)",118.707445,4.4926450000000004,2024,3,17,2024-03-17,50c9509d-22c7-4a22-a47d-8c48425ef4a7,PRESENT,NA,gbif.org
"Radianthus crispa (Hemprich & Ehrenberg, 1834)",125.138357,1.683527,2024,4,3,2024-04-03,50c9509d-22c7-4a22-a47d-8c48425ef4a7,PRESENT,NA,gbif.org
"Radianthus crispa (Hemprich & Ehrenberg, 1834)",123.914032,-5.793963,2024,1,19,2024-01-19,50c9509d-22c7-4a22-a47d-8c48425ef4a7,PRESENT,NA,gbif.org
"Radianthus crispa (Hemprich & Ehrenberg, 1834)",166.437606,-22.29934,2024,5,12,2024-05-12,50c9509d-22c7-4a22-a47d-8c48425ef4a7,PRESENT,NA,gbif.org
"Radianthus crispa (Hemprich & Ehrenberg, 1834)",39.288627,-5.808602,2023,12,23,2023-12-23,50c9509d-22c7-4a22-a47d-8c48425ef4a7,PRESENT,NA,gbif.org
"Radianthus crispa (Hemprich & Ehrenberg, 1834)",39.381519,-5.825302,2023,6,9,2023-06-09,50c9509d-22c7-4a22-a47d-8c48425ef4a7,PRESENT,NA,gbif.org
"Heteractis crispa (Hemprich & Ehrenberg, 1834)",-159.775,-21.23472,1978,8,3,1978-08-03,4bfac3ea-8763-4f4b-a71a-76a6f5f243d3,PRESENT,NA,gbif.org
"Radianthus crispa (Hemprich & Ehrenberg, 1834)",40.009556,-3.373866,2024,1,12,2024-01-12,50c9509d-22c7-4a22-a47d-8c48425ef4a7,PRESENT,NA,gbif.org
"Radianthus crispa (Hemprich & Ehrenberg, 1834)",32.692241,-27.525362,2008,4,3,2008-04-03,50c9509d-22c7-4a22-a47d-8c48425ef4a7,PRESENT,NA,gbif.org
"Radianthus crispa (Hemprich & Ehrenberg, 1834)",30.828605,-30.262645,2023,12,27,2023-12-27,50c9509d-22c7-4a22-a47d-8c48425ef4a7,PRESENT,NA,gbif.org
"Radianthus crispa (Hemprich & Ehrenberg, 1834)",114.531565,-8.096039,2017,7,23,2017-07-23,50c9509d-22c7-4a22-a47d-8c48425ef4a7,PRESENT,NA,gbif.org
"Radianthus crispa (Hemprich & Ehrenberg, 1834)",30.874855,-30.289621,2023,12,27,2023-12-27,50c9509d-22c7-4a22-a47d-8c48425ef4a7,PRESENT,NA,gbif.org
"Radianthus crispa (Hemprich & Ehrenberg, 1834)",-149.892101,-17.482363,2023,7,5,2023-07-05,50c9509d-22c7-4a22-a47d-8c48425ef4a7,PRESENT,NA,gbif.org
"Radianthus crispa (Hemprich & Ehrenberg, 1834)",116.015333,5.975434,2001,7,24,2001-07-24,50c9509d-22c7-4a22-a47d-8c48425ef4a7,PRESENT,NA,gbif.org
"Heteractis crispa (Hemprich & Ehrenberg, 1834)",33.98806,26.78528,2023,10,30,2023-10-30,8e9974a4-12e2-475f-9aec-5abdf24a1f50,PRESENT,NA,gbif.org
"Heteractis crispa (Hemprich & Ehrenberg, 1834)",33.98806,26.78528,2022,4,14,2022-04-14,8e9974a4-12e2-475f-9aec-5abdf24a1f50,PRESENT,NA,gbif.org
"Heteractis crispa (Hemprich & Ehrenberg, 1834)",34.79778,25.24528,2022,6,22,2022-06-22,8e9974a4-12e2-475f-9aec-5abdf24a1f50,PRESENT,NA,gbif.org
"Heteractis crispa (Hemprich & Ehrenberg, 1834)",34.27889,26.66167,2022,4,7,2022-04-07,8e9974a4-12e2-475f-9aec-5abdf24a1f50,PRESENT,NA,gbif.org
"Heteractis crispa (Hemprich & Ehrenberg, 1834)",33.995,26.80889,2023,11,1,2023-11-01,8e9974a4-12e2-475f-9aec-5abdf24a1f50,PRESENT,NA,gbif.org
"Heteractis crispa (Hemprich & Ehrenberg, 1834)",118.64372,2.25699,2022,9,23,2022-09-23,8e9974a4-12e2-475f-9aec-5abdf24a1f50,PRESENT,NA,gbif.org
"Heteractis crispa (Hemprich & Ehrenberg, 1834)",34.06111,26.63944,2023,10,31,2023-10-31,8e9974a4-12e2-475f-9aec-5abdf24a1f50,PRESENT,NA,gbif.org
"Heteractis crispa (Hemprich & Ehrenberg, 1834)",33.98573,26.82819,2022,4,14,2022-04-14,8e9974a4-12e2-475f-9aec-5abdf24a1f50,PRESENT,NA,gbif.org
"Heteractis crispa (Hemprich & Ehrenberg, 1834)",34.08674,26.75177,2022,4,5,2022-04-05,8e9974a4-12e2-475f-9aec-5abdf24a1f50,PRESENT,NA,gbif.org
"Heteractis crispa (Hemprich & Ehrenberg, 1834)",33.99312,26.83418,2023,10,29,2023-10-29,8e9974a4-12e2-475f-9aec-5abdf24a1f50,PRESENT,NA,gbif.org
"Heteractis crispa (Hemprich & Ehrenberg, 1834)",34.0832,26.75996,2022,4,11,2022-04-11,8e9974a4-12e2-475f-9aec-5abdf24a1f50,PRESENT,NA,gbif.org
"Heteractis crispa (Hemprich & Ehrenberg, 1834)",-149.82139,-17.47083,2023,5,4,2023-05-04,8e9974a4-12e2-475f-9aec-5abdf24a1f50,PRESENT,NA,gbif.org
"Heteractis crispa (Hemprich & Ehrenberg, 1834)",33.96806,26.86068,2022,4,10,2022-04-10,8e9974a4-12e2-475f-9aec-5abdf24a1f50,PRESENT,NA,gbif.org
"Heteractis crispa (Hemprich & Ehrenberg, 1834)",34.08674,26.75177,2022,4,11,2022-04-11,8e9974a4-12e2-475f-9aec-5abdf24a1f50,PRESENT,NA,gbif.org
"Heteractis crispa (Hemprich & Ehrenberg, 1834)",72.7137,3.59874,2012,2,2,2012-02-02,8e9974a4-12e2-475f-9aec-5abdf24a1f50,PRESENT,NA,gbif.org
"Heteractis crispa (Hemprich & Ehrenberg, 1834)",35.36397,24.75524,2022,10,30,2022-10-30,8e9974a4-12e2-475f-9aec-5abdf24a1f50,PRESENT,NA,gbif.org
"Heteractis crispa (Hemprich & Ehrenberg, 1834)",35.36397,24.75524,2010,10,31,2010-10-31,8e9974a4-12e2-475f-9aec-5abdf24a1f50,PRESENT,NA,gbif.org
"Heteractis crispa (Hemprich & Ehrenberg, 1834)",33.99312,26.83418,2022,4,12,2022-04-12,8e9974a4-12e2-475f-9aec-5abdf24a1f50,PRESENT,NA,gbif.org
"Heteractis crispa (Hemprich & Ehrenberg, 1834)",33.995,26.80889,2022,4,10,2022-04-10,8e9974a4-12e2-475f-9aec-5abdf24a1f50,PRESENT,NA,gbif.org
"Heteractis crispa (Hemprich & Ehrenberg, 1834)",34.77694,25.34722,2022,11,9,2022-11-09,8e9974a4-12e2-475f-9aec-5abdf24a1f50,PRESENT,NA,gbif.org
"Heteractis crispa (Hemprich & Ehrenberg, 1834)",45.06056,-12.94306,2022,5,12,2022-05-12,8e9974a4-12e2-475f-9aec-5abdf24a1f50,PRESENT,NA,gbif.org
"Heteractis crispa (Hemprich & Ehrenberg, 1834)",39.54615,-6.1945,2021,12,22,2021-12-22,8e9974a4-12e2-475f-9aec-5abdf24a1f50,PRESENT,NA,gbif.org
"Heteractis crispa (Hemprich & Ehrenberg, 1834)",118.58847,2.30058,2022,9,22,2022-09-22,8e9974a4-12e2-475f-9aec-5abdf24a1f50,PRESENT,NA,gbif.org
"Heteractis crispa (Hemprich & Ehrenberg, 1834)",34.23889,26.63273,2022,4,6,2022-04-06,8e9974a4-12e2-475f-9aec-5abdf24a1f50,PRESENT,NA,gbif.org
"Heteractis crispa (Hemprich & Ehrenberg, 1834)",34.0832,26.75996,2022,4,5,2022-04-05,8e9974a4-12e2-475f-9aec-5abdf24a1f50,PRESENT,NA,gbif.org
"Heteractis crispa (Hemprich & Ehrenberg, 1834)",34.8604,25.3096,2022,6,24,2022-06-24,8e9974a4-12e2-475f-9aec-5abdf24a1f50,PRESENT,NA,gbif.org
"Heteractis crispa (Hemprich & Ehrenberg, 1834)",33.98573,26.82819,2022,4,8,2022-04-08,8e9974a4-12e2-475f-9aec-5abdf24a1f50,PRESENT,NA,gbif.org
"Heteractis crispa (Hemprich & Ehrenberg, 1834)",167.28369,-20.91409,2021,11,13,2021-11-13,25e3e8f1-86ee-440c-adfc-8e63759a6505,PRESENT,NA,gbif.org
"Heteractis crispa (Hemprich & Ehrenberg, 1834)",167.27081,-20.91339,2023,5,5,2023-05-05,25e3e8f1-86ee-440c-adfc-8e63759a6505,PRESENT,NA,gbif.org
"Heteractis crispa (Hemprich & Ehrenberg, 1834)",167.02897,-20.74855,2023,6,29,2023-06-29,25e3e8f1-86ee-440c-adfc-8e63759a6505,PRESENT,NA,gbif.org
"Heteractis crispa (Hemprich & Ehrenberg, 1834)",167.27081,-20.91339,2022,3,3,2022-03-03,25e3e8f1-86ee-440c-adfc-8e63759a6505,PRESENT,NA,gbif.org
"Heteractis crispa (Hemprich & Ehrenberg, 1834)",167.33717,-20.939,2022,7,27,2022-07-27,25e3e8f1-86ee-440c-adfc-8e63759a6505,PRESENT,NA,gbif.org
"Heteractis crispa (Hemprich & Ehrenberg, 1834)",167.12133,-20.78837,2023,6,18,2023-06-18,25e3e8f1-86ee-440c-adfc-8e63759a6505,PRESENT,NA,gbif.org
"Heteractis crispa (Hemprich & Ehrenberg, 1834)",34.97206,29.41997,2016,5,27,2016-05-27,25e3e8f1-86ee-440c-adfc-8e63759a6505,PRESENT,NA,gbif.org
"Heteractis crispa (Hemprich & Ehrenberg, 1834)",33.99056,26.83694,1996,5,20,1996-05-20,25e3e8f1-86ee-440c-adfc-8e63759a6505,PRESENT,NA,gbif.org
"Heteractis crispa (Hemprich & Ehrenberg, 1834)",167.02897,-20.74855,2023,2,7,2023-02-07,25e3e8f1-86ee-440c-adfc-8e63759a6505,PRESENT,NA,gbif.org
"Heteractis crispa (Hemprich & Ehrenberg, 1834)",167.27739,-20.91578,2022,10,1,2022-10-01,25e3e8f1-86ee-440c-adfc-8e63759a6505,PRESENT,NA,gbif.org
"Heteractis crispa (Hemprich & Ehrenberg, 1834)",167.26381,-20.90201,2023,2,15,2023-02-15,25e3e8f1-86ee-440c-adfc-8e63759a6505,PRESENT,NA,gbif.org
"Heteractis crispa (Hemprich & Ehrenberg, 1834)",167.26381,-20.90201,2022,7,6,2022-07-06,25e3e8f1-86ee-440c-adfc-8e63759a6505,PRESENT,NA,gbif.org
"Heteractis crispa (Hemprich & Ehrenberg, 1834)",167.27739,-20.91578,2022,9,1,2022-09-01,25e3e8f1-86ee-440c-adfc-8e63759a6505,PRESENT,NA,gbif.org
"Heteractis crispa (Hemprich & Ehrenberg, 1834)",167.34341,-20.9401,2022,9,13,2022-09-13,25e3e8f1-86ee-440c-adfc-8e63759a6505,PRESENT,NA,gbif.org
"Heteractis crispa (Hemprich & Ehrenberg, 1834)",165.39089,-20.83705,2022,1,31,2022-01-31,25e3e8f1-86ee-440c-adfc-8e63759a6505,PRESENT,NA,gbif.org
"Heteractis crispa (Hemprich & Ehrenberg, 1834)",167.30359,-20.92426,2022,4,21,2022-04-21,25e3e8f1-86ee-440c-adfc-8e63759a6505,PRESENT,NA,gbif.org
"Heteractis crispa (Hemprich & Ehrenberg, 1834)",33.90808,27.35267,1995,4,6,1995-04-06,25e3e8f1-86ee-440c-adfc-8e63759a6505,PRESENT,NA,gbif.org
"Heteractis crispa (Hemprich & Ehrenberg, 1834)",33.80472,27.6775,1993,4,12,1993-04-12,25e3e8f1-86ee-440c-adfc-8e63759a6505,PRESENT,NA,gbif.org
"Heteractis crispa (Hemprich & Ehrenberg, 1834)",167.40886,-21.10338,2023,5,25,2023-05-25,25e3e8f1-86ee-440c-adfc-8e63759a6505,PRESENT,NA,gbif.org
"Heteractis crispa (Hemprich & Ehrenberg, 1834)",33.98456,27.17436,1995,4,7,1995-04-07,25e3e8f1-86ee-440c-adfc-8e63759a6505,PRESENT,NA,gbif.org
"Heteractis crispa (Hemprich & Ehrenberg, 1834)",167.26381,-20.90201,2023,2,6,2023-02-06,25e3e8f1-86ee-440c-adfc-8e63759a6505,PRESENT,NA,gbif.org
"Heteractis crispa (Hemprich & Ehrenberg, 1834)",34.97206,29.41997,2016,5,28,2016-05-28,25e3e8f1-86ee-440c-adfc-8e63759a6505,PRESENT,NA,gbif.org
"Heteractis crispa (Hemprich & Ehrenberg, 1834)",33.77111,27.64917,2018,5,3,2018-05-03,25e3e8f1-86ee-440c-adfc-8e63759a6505,PRESENT,NA,gbif.org
"Heteractis crispa (Hemprich & Ehrenberg, 1834)",165.38017,-20.83649,2022,1,31,2022-01-31,25e3e8f1-86ee-440c-adfc-8e63759a6505,PRESENT,NA,gbif.org
"Heteractis crispa (Hemprich & Ehrenberg, 1834)",164.23999,-20.66601,2022,1,19,2022-01-19,25e3e8f1-86ee-440c-adfc-8e63759a6505,PRESENT,NA,gbif.org
"Heteractis crispa (Hemprich & Ehrenberg, 1834)",167.26381,-20.90201,2023,6,25,2023-06-25,25e3e8f1-86ee-440c-adfc-8e63759a6505,PRESENT,NA,gbif.org
"Heteractis crispa (Hemprich & Ehrenberg, 1834)",167.27739,-20.91578,2022,9,18,2022-09-18,25e3e8f1-86ee-440c-adfc-8e63759a6505,PRESENT,NA,gbif.org
"Heteractis crispa (Hemprich & Ehrenberg, 1834)",167.12688,-20.78595,2023,3,8,2023-03-08,25e3e8f1-86ee-440c-adfc-8e63759a6505,PRESENT,NA,gbif.org
"Heteractis crispa (Hemprich & Ehrenberg, 1834)",167.02897,-20.74855,2023,7,6,2023-07-06,25e3e8f1-86ee-440c-adfc-8e63759a6505,PRESENT,NA,gbif.org
"Heteractis crispa (Hemprich & Ehrenberg, 1834)",167.02417,-20.75938,2023,2,16,2023-02-16,25e3e8f1-86ee-440c-adfc-8e63759a6505,PRESENT,NA,gbif.org
"Heteractis crispa (Hemprich & Ehrenberg, 1834)",167.27739,-20.91578,2022,3,13,2022-03-13,25e3e8f1-86ee-440c-adfc-8e63759a6505,PRESENT,NA,gbif.org
"Heteractis crispa (Hemprich & Ehrenberg, 1834)",167.26381,-20.90201,2023,4,20,2023-04-20,25e3e8f1-86ee-440c-adfc-8e63759a6505,PRESENT,NA,gbif.org
"Heteractis crispa (Hemprich & Ehrenberg, 1834)",167.26381,-20.90201,2023,2,3,2023-02-03,25e3e8f1-86ee-440c-adfc-8e63759a6505,PRESENT,NA,gbif.org
"Heteractis crispa (Hemprich & Ehrenberg, 1834)",167.26381,-20.90201,2022,5,5,2022-05-05,25e3e8f1-86ee-440c-adfc-8e63759a6505,PRESENT,NA,gbif.org
"Heteractis crispa (Hemprich & Ehrenberg, 1834)",167.26381,-20.90201,2023,3,26,2023-03-26,25e3e8f1-86ee-440c-adfc-8e63759a6505,PRESENT,NA,gbif.org
"Heteractis crispa (Hemprich & Ehrenberg, 1834)",33.83167,27.28463,2015,11,7,2015-11-07,25e3e8f1-86ee-440c-adfc-8e63759a6505,PRESENT,NA,gbif.org
"Heteractis crispa (Hemprich & Ehrenberg, 1834)",167.02889,-20.75962,2022,1,5,2022-01-05,25e3e8f1-86ee-440c-adfc-8e63759a6505,PRESENT,NA,gbif.org
"Heteractis crispa (Hemprich & Ehrenberg, 1834)",167.27081,-20.91339,2021,4,28,2021-04-28,25e3e8f1-86ee-440c-adfc-8e63759a6505,PRESENT,NA,gbif.org
"Heteractis crispa (Hemprich & Ehrenberg, 1834)",167.34082,-20.93904,2021,7,25,2021-07-25,25e3e8f1-86ee-440c-adfc-8e63759a6505,PRESENT,NA,gbif.org
"Heteractis crispa (Hemprich & Ehrenberg, 1834)",167.28256,-20.91494,2022,9,21,2022-09-21,25e3e8f1-86ee-440c-adfc-8e63759a6505,PRESENT,NA,gbif.org
"Heteractis crispa (Hemprich & Ehrenberg, 1834)",34.79782,25.24526,2019,8,13,2019-08-13,25e3e8f1-86ee-440c-adfc-8e63759a6505,PRESENT,NA,gbif.org
"Heteractis crispa (Hemprich & Ehrenberg, 1834)",166.41906,-22.47653,2023,5,19,2023-05-19,25e3e8f1-86ee-440c-adfc-8e63759a6505,PRESENT,NA,gbif.org
"Heteractis crispa (Hemprich & Ehrenberg, 1834)",167.27081,-20.91339,2022,3,13,2022-03-13,25e3e8f1-86ee-440c-adfc-8e63759a6505,PRESENT,NA,gbif.org
"Heteractis crispa (Hemprich & Ehrenberg, 1834)",165.40609,-20.83505,2022,1,30,2022-01-30,25e3e8f1-86ee-440c-adfc-8e63759a6505,PRESENT,NA,gbif.org
"Heteractis crispa (Hemprich & Ehrenberg, 1834)",167.26865,-20.89932,2021,11,25,2021-11-25,25e3e8f1-86ee-440c-adfc-8e63759a6505,PRESENT,NA,gbif.org
"Heteractis crispa (Hemprich & Ehrenberg, 1834)",167.34082,-20.93904,2022,4,2,2022-04-02,25e3e8f1-86ee-440c-adfc-8e63759a6505,PRESENT,NA,gbif.org
"Heteractis crispa (Hemprich & Ehrenberg, 1834)",167.0302,-20.76067,2021,9,2,2021-09-02,25e3e8f1-86ee-440c-adfc-8e63759a6505,PRESENT,NA,gbif.org
"Heteractis crispa (Hemprich & Ehrenberg, 1834)",167.16315,-20.70631,2023,5,10,2023-05-10,25e3e8f1-86ee-440c-adfc-8e63759a6505,PRESENT,NA,gbif.org
"Heteractis crispa (Hemprich & Ehrenberg, 1834)",167.27081,-20.91339,2021,8,28,2021-08-28,25e3e8f1-86ee-440c-adfc-8e63759a6505,PRESENT,NA,gbif.org
"Heteractis crispa (Hemprich & Ehrenberg, 1834)",167.02889,-20.75962,2023,3,12,2023-03-12,25e3e8f1-86ee-440c-adfc-8e63759a6505,PRESENT,NA,gbif.org
"Heteractis crispa (Hemprich & Ehrenberg, 1834)",167.12133,-20.78837,2021,11,21,2021-11-21,25e3e8f1-86ee-440c-adfc-8e63759a6505,PRESENT,NA,gbif.org
"Radianthus crispa (Hemprich & Ehrenberg, 1834)",153.391466,-29.929429,2024,2,17,2024-02-17,50c9509d-22c7-4a22-a47d-8c48425ef4a7,PRESENT,NA,gbif.org
"Radianthus crispa (Hemprich & Ehrenberg, 1834)",115.610441,-8.283996,2023,12,26,2023-12-26,50c9509d-22c7-4a22-a47d-8c48425ef4a7,PRESENT,NA,gbif.org
"Radianthus crispa (Hemprich & Ehrenberg, 1834)",166.436671,-22.298324,2024,2,3,2024-02-03,50c9509d-22c7-4a22-a47d-8c48425ef4a7,PRESENT,NA,gbif.org
"Radianthus crispa (Hemprich & Ehrenberg, 1834)",153.390395,-29.928497,2023,12,28,2023-12-28,50c9509d-22c7-4a22-a47d-8c48425ef4a7,PRESENT,NA,gbif.org
"Radianthus crispa (Hemprich & Ehrenberg, 1834)",166.4359,-22.301309,2024,1,1,2024-01-01,50c9509d-22c7-4a22-a47d-8c48425ef4a7,PRESENT,NA,gbif.org
"Radianthus crispa (Hemprich & Ehrenberg, 1834)",166.437265,-22.300644,2023,12,22,2023-12-22,50c9509d-22c7-4a22-a47d-8c48425ef4a7,PRESENT,NA,gbif.org
"Radianthus crispa (Hemprich & Ehrenberg, 1834)",166.436547,-22.300793,2023,11,25,2023-11-25,50c9509d-22c7-4a22-a47d-8c48425ef4a7,PRESENT,NA,gbif.org
"Radianthus crispa (Hemprich & Ehrenberg, 1834)",125.132941,1.751393,2017,7,25,2017-07-25,50c9509d-22c7-4a22-a47d-8c48425ef4a7,PRESENT,NA,gbif.org
"Radianthus crispa (Hemprich & Ehrenberg, 1834)",119.714475,-8.516817,2023,8,5,2023-08-05,50c9509d-22c7-4a22-a47d-8c48425ef4a7,PRESENT,NA,gbif.org
"Radianthus crispa (Hemprich & Ehrenberg, 1834)",119.648274,-8.545288,2023,8,6,2023-08-06,50c9509d-22c7-4a22-a47d-8c48425ef4a7,PRESENT,NA,gbif.org
"Radianthus crispa (Hemprich & Ehrenberg, 1834)",119.758718,-8.494868,2023,8,5,2023-08-05,50c9509d-22c7-4a22-a47d-8c48425ef4a7,PRESENT,NA,gbif.org
"Radianthus crispa (Hemprich & Ehrenberg, 1834)",123.77208,9.548237,2017,11,1,2017-11-01,50c9509d-22c7-4a22-a47d-8c48425ef4a7,PRESENT,NA,gbif.org
"Radianthus crispa (Hemprich & Ehrenberg, 1834)",119.559262,-8.656049,2023,8,8,2023-08-08,50c9509d-22c7-4a22-a47d-8c48425ef4a7,PRESENT,NA,gbif.org
"Radianthus crispa (Hemprich & Ehrenberg, 1834)",119.838828,-8.483162,2023,8,11,2023-08-11,50c9509d-22c7-4a22-a47d-8c48425ef4a7,PRESENT,NA,gbif.org
"Radianthus crispa (Hemprich & Ehrenberg, 1834)",119.809488,-8.397557,2023,8,4,2023-08-04,50c9509d-22c7-4a22-a47d-8c48425ef4a7,PRESENT,NA,gbif.org
"Radianthus crispa (Hemprich & Ehrenberg, 1834)",119.80841,-8.568778,2023,8,10,2023-08-10,50c9509d-22c7-4a22-a47d-8c48425ef4a7,PRESENT,NA,gbif.org
"Radianthus crispa (Hemprich & Ehrenberg, 1834)",116.050755,-8.349947,2018,8,10,2018-08-10,50c9509d-22c7-4a22-a47d-8c48425ef4a7,PRESENT,NA,gbif.org
"Radianthus crispa (Hemprich & Ehrenberg, 1834)",119.600228,-8.501202,2023,8,7,2023-08-07,50c9509d-22c7-4a22-a47d-8c48425ef4a7,PRESENT,NA,gbif.org
"Radianthus crispa (Hemprich & Ehrenberg, 1834)",166.436571,-22.301345,2023,10,8,2023-10-08,50c9509d-22c7-4a22-a47d-8c48425ef4a7,PRESENT,NA,gbif.org
"Radianthus crispa (Hemprich & Ehrenberg, 1834)",153.576157,-28.19623,2023,10,1,2023-10-01,50c9509d-22c7-4a22-a47d-8c48425ef4a7,PRESENT,NA,gbif.org
"Radianthus crispa (Hemprich & Ehrenberg, 1834)",153.387035,-29.924858,2018,3,3,2018-03-03,50c9509d-22c7-4a22-a47d-8c48425ef4a7,PRESENT,NA,gbif.org
"Radianthus crispa (Hemprich & Ehrenberg, 1834)",153.38756,-29.924924,2018,3,3,2018-03-03,50c9509d-22c7-4a22-a47d-8c48425ef4a7,PRESENT,NA,gbif.org
"Radianthus crispa (Hemprich & Ehrenberg, 1834)",159.074029,-31.558643,2020,2,9,2020-02-09,50c9509d-22c7-4a22-a47d-8c48425ef4a7,PRESENT,NA,gbif.org
"Radianthus crispa (Hemprich & Ehrenberg, 1834)",153.387872,-29.923287,2020,8,5,2020-08-05,50c9509d-22c7-4a22-a47d-8c48425ef4a7,PRESENT,NA,gbif.org
"Radianthus crispa (Hemprich & Ehrenberg, 1834)",147.731,-18.945,1987,2,NA,NA,24d40db2-420f-46b3-9588-c4147e392abb,PRESENT,7,gbif.org
"Radianthus crispa (Hemprich & Ehrenberg, 1834)",120.89141,13.686703,2023,2,19,2023-02-19,50c9509d-22c7-4a22-a47d-8c48425ef4a7,PRESENT,NA,gbif.org
"Radianthus crispa (Hemprich & Ehrenberg, 1834)",167.715674,8.733742,2003,11,28,2003-11-28,50c9509d-22c7-4a22-a47d-8c48425ef4a7,PRESENT,NA,gbif.org
"Radianthus crispa (Hemprich & Ehrenberg, 1834)",167.312268,9.110463,1992,7,5,1992-07-05,50c9509d-22c7-4a22-a47d-8c48425ef4a7,PRESENT,NA,gbif.org
"Radianthus crispa (Hemprich & Ehrenberg, 1834)",34.422773,25.870683,2023,3,27,2023-03-27,50c9509d-22c7-4a22-a47d-8c48425ef4a7,PRESENT,NA,gbif.org
"Radianthus crispa (Hemprich & Ehrenberg, 1834)",166.467051,-22.476647,2020,2,5,2020-02-05,50c9509d-22c7-4a22-a47d-8c48425ef4a7,PRESENT,NA,gbif.org
"Radianthus crispa (Hemprich & Ehrenberg, 1834)",120.891242,13.686359,2023,2,19,2023-02-19,50c9509d-22c7-4a22-a47d-8c48425ef4a7,PRESENT,NA,gbif.org
"Radianthus crispa (Hemprich & Ehrenberg, 1834)",166.436268,-22.299843,2020,5,30,2020-05-30,50c9509d-22c7-4a22-a47d-8c48425ef4a7,PRESENT,NA,gbif.org
"Radianthus crispa (Hemprich & Ehrenberg, 1834)",120.891242,13.686359,2023,2,14,2023-02-14,50c9509d-22c7-4a22-a47d-8c48425ef4a7,PRESENT,NA,gbif.org
"Radianthus crispa (Hemprich & Ehrenberg, 1834)",34.967251,29.438117,2022,12,1,2022-12-01,50c9509d-22c7-4a22-a47d-8c48425ef4a7,PRESENT,NA,gbif.org
"Radianthus crispa (Hemprich & Ehrenberg, 1834)",125.223629,1.454558,2023,2,19,2023-02-19,50c9509d-22c7-4a22-a47d-8c48425ef4a7,PRESENT,NA,gbif.org
"Radianthus crispa (Hemprich & Ehrenberg, 1834)",34.331511,27.911415,2020,12,25,2020-12-25,50c9509d-22c7-4a22-a47d-8c48425ef4a7,PRESENT,NA,gbif.org
"Radianthus crispa (Hemprich & Ehrenberg, 1834)",40.158056,19.009444,2017,5,2,2017-05-02,50c9509d-22c7-4a22-a47d-8c48425ef4a7,PRESENT,NA,gbif.org
"Radianthus crispa (Hemprich & Ehrenberg, 1834)",158.200767,-8.683189,2022,10,31,2022-10-31,50c9509d-22c7-4a22-a47d-8c48425ef4a7,PRESENT,NA,gbif.org
"Radianthus crispa (Hemprich & Ehrenberg, 1834)",123.891633,-5.7678,2022,10,4,2022-10-04,50c9509d-22c7-4a22-a47d-8c48425ef4a7,PRESENT,NA,gbif.org
"Radianthus crispa (Hemprich & Ehrenberg, 1834)",177.132732,-17.363881,2022,12,19,2022-12-19,50c9509d-22c7-4a22-a47d-8c48425ef4a7,PRESENT,NA,gbif.org
"Radianthus crispa (Hemprich & Ehrenberg, 1834)",124.017668,11.449514,2022,11,30,2022-11-30,50c9509d-22c7-4a22-a47d-8c48425ef4a7,PRESENT,NA,gbif.org
"Radianthus crispa (Hemprich & Ehrenberg, 1834)",166.467934,-22.47703,2022,12,23,2022-12-23,50c9509d-22c7-4a22-a47d-8c48425ef4a7,PRESENT,NA,gbif.org
"Radianthus crispa (Hemprich & Ehrenberg, 1834)",177.132475,-17.364045,2022,12,19,2022-12-19,50c9509d-22c7-4a22-a47d-8c48425ef4a7,PRESENT,NA,gbif.org
"Radianthus crispa (Hemprich & Ehrenberg, 1834)",33.908056,27.355833,2019,5,21,2019-05-21,50c9509d-22c7-4a22-a47d-8c48425ef4a7,PRESENT,NA,gbif.org
"Radianthus crispa (Hemprich & Ehrenberg, 1834)",124.766966,1.601965,2012,7,15,2012-07-15,50c9509d-22c7-4a22-a47d-8c48425ef4a7,PRESENT,NA,gbif.org
"Radianthus crispa (Hemprich & Ehrenberg, 1834)",130.502866,30.458321,2019,7,27,2019-07-27,50c9509d-22c7-4a22-a47d-8c48425ef4a7,PRESENT,NA,gbif.org
"Radianthus crispa (Hemprich & Ehrenberg, 1834)",177.133333,-17.366667,2022,11,27,2022-11-27,50c9509d-22c7-4a22-a47d-8c48425ef4a7,PRESENT,NA,gbif.org
"Radianthus crispa (Hemprich & Ehrenberg, 1834)",34.263771,27.824491,2022,11,25,2022-11-25,50c9509d-22c7-4a22-a47d-8c48425ef4a7,PRESENT,NA,gbif.org
"Radianthus crispa (Hemprich & Ehrenberg, 1834)",34.969965,29.449959,2022,12,4,2022-12-04,50c9509d-22c7-4a22-a47d-8c48425ef4a7,PRESENT,NA,gbif.org
"Radianthus crispa (Hemprich & Ehrenberg, 1834)",166.436,-22.3,2022,12,13,2022-12-13,50c9509d-22c7-4a22-a47d-8c48425ef4a7,PRESENT,NA,gbif.org
"Radianthus crispa (Hemprich & Ehrenberg, 1834)",167.407603,-22.592943000000002,2022,11,29,2022-11-29,50c9509d-22c7-4a22-a47d-8c48425ef4a7,PRESENT,NA,gbif.org
"Radianthus crispa (Hemprich & Ehrenberg, 1834)",33.800167,27.312171,2022,11,28,2022-11-28,50c9509d-22c7-4a22-a47d-8c48425ef4a7,PRESENT,NA,gbif.org
"Radianthus crispa (Hemprich & Ehrenberg, 1834)",167.407603,-22.592943000000002,2022,11,27,2022-11-27,50c9509d-22c7-4a22-a47d-8c48425ef4a7,PRESENT,NA,gbif.org
"Radianthus crispa (Hemprich & Ehrenberg, 1834)",153.26693,-30.205483,2022,11,25,2022-11-25,50c9509d-22c7-4a22-a47d-8c48425ef4a7,PRESENT,NA,gbif.org
"Radianthus crispa (Hemprich & Ehrenberg, 1834)",166.4355,-22.296,2022,11,21,2022-11-21,50c9509d-22c7-4a22-a47d-8c48425ef4a7,PRESENT,NA,gbif.org
"Radianthus crispa (Hemprich & Ehrenberg, 1834)",179.960889,-16.765819,2021,7,20,2021-07-20,50c9509d-22c7-4a22-a47d-8c48425ef4a7,PRESENT,NA,gbif.org
"Radianthus crispa (Hemprich & Ehrenberg, 1834)",125.155657,1.682226,2022,11,1,2022-11-01,50c9509d-22c7-4a22-a47d-8c48425ef4a7,PRESENT,NA,gbif.org
"Radianthus crispa (Hemprich & Ehrenberg, 1834)",125.155536,1.682256,2022,11,1,2022-11-01,50c9509d-22c7-4a22-a47d-8c48425ef4a7,PRESENT,NA,gbif.org
"Radianthus crispa (Hemprich & Ehrenberg, 1834)",125.153435,1.743393,2022,10,31,2022-10-31,50c9509d-22c7-4a22-a47d-8c48425ef4a7,PRESENT,NA,gbif.org
"Radianthus crispa (Hemprich & Ehrenberg, 1834)",125.129297,1.77728,2022,10,30,2022-10-30,50c9509d-22c7-4a22-a47d-8c48425ef4a7,PRESENT,NA,gbif.org
"Radianthus crispa (Hemprich & Ehrenberg, 1834)",125.155876,1.746296,2022,10,30,2022-10-30,50c9509d-22c7-4a22-a47d-8c48425ef4a7,PRESENT,NA,gbif.org
"Radianthus crispa (Hemprich & Ehrenberg, 1834)",125.153821,1.744758,2022,10,29,2022-10-29,50c9509d-22c7-4a22-a47d-8c48425ef4a7,PRESENT,NA,gbif.org
"Radianthus crispa (Hemprich & Ehrenberg, 1834)",158.203649,-8.626326,2022,10,30,2022-10-30,50c9509d-22c7-4a22-a47d-8c48425ef4a7,PRESENT,NA,gbif.org
"Radianthus crispa (Hemprich & Ehrenberg, 1834)",125.129174,1.777109,2022,10,30,2022-10-30,50c9509d-22c7-4a22-a47d-8c48425ef4a7,PRESENT,NA,gbif.org
"Radianthus crispa (Hemprich & Ehrenberg, 1834)",165.356269,-20.890672,2022,11,10,2022-11-10,50c9509d-22c7-4a22-a47d-8c48425ef4a7,PRESENT,NA,gbif.org
"Radianthus crispa (Hemprich & Ehrenberg, 1834)",165.396774,-20.872884,2022,11,10,2022-11-10,50c9509d-22c7-4a22-a47d-8c48425ef4a7,PRESENT,NA,gbif.org
"Radianthus crispa (Hemprich & Ehrenberg, 1834)",125.155809,1.746349,2022,10,30,2022-10-30,50c9509d-22c7-4a22-a47d-8c48425ef4a7,PRESENT,NA,gbif.org
"Radianthus crispa (Hemprich & Ehrenberg, 1834)",34.308943,27.847297,2022,11,6,2022-11-06,50c9509d-22c7-4a22-a47d-8c48425ef4a7,PRESENT,NA,gbif.org
"Radianthus crispa (Hemprich & Ehrenberg, 1834)",158.188089,-8.668345,2022,10,29,2022-10-29,50c9509d-22c7-4a22-a47d-8c48425ef4a7,PRESENT,NA,gbif.org
"Radianthus crispa (Hemprich & Ehrenberg, 1834)",166.436,-22.3,2022,11,11,2022-11-11,50c9509d-22c7-4a22-a47d-8c48425ef4a7,PRESENT,NA,gbif.org
"Radianthus crispa (Hemprich & Ehrenberg, 1834)",35.833333,24.95,2022,11,7,2022-11-07,50c9509d-22c7-4a22-a47d-8c48425ef4a7,PRESENT,NA,gbif.org
"Radianthus crispa (Hemprich & Ehrenberg, 1834)",124.779865,1.593817,2022,10,15,2022-10-15,50c9509d-22c7-4a22-a47d-8c48425ef4a7,PRESENT,NA,gbif.org
"Radianthus crispa (Hemprich & Ehrenberg, 1834)",166.436,-22.3,2022,11,4,2022-11-04,50c9509d-22c7-4a22-a47d-8c48425ef4a7,PRESENT,NA,gbif.org
"Radianthus crispa (Hemprich & Ehrenberg, 1834)",166.345848,-22.430332,2022,10,29,2022-10-29,50c9509d-22c7-4a22-a47d-8c48425ef4a7,PRESENT,NA,gbif.org
"Radianthus crispa (Hemprich & Ehrenberg, 1834)",124.7656,1.6007,2022,10,15,2022-10-15,50c9509d-22c7-4a22-a47d-8c48425ef4a7,PRESENT,NA,gbif.org
"Radianthus crispa (Hemprich & Ehrenberg, 1834)",166.366849,-22.455879,2022,10,29,2022-10-29,50c9509d-22c7-4a22-a47d-8c48425ef4a7,PRESENT,NA,gbif.org
"Radianthus crispa (Hemprich & Ehrenberg, 1834)",166.436058,-22.300942,2022,10,28,2022-10-28,50c9509d-22c7-4a22-a47d-8c48425ef4a7,PRESENT,NA,gbif.org
"Radianthus crispa (Hemprich & Ehrenberg, 1834)",166.446433,-22.481829,2022,10,31,2022-10-31,50c9509d-22c7-4a22-a47d-8c48425ef4a7,PRESENT,NA,gbif.org
"Radianthus crispa (Hemprich & Ehrenberg, 1834)",153.265273,-30.204199,2022,10,29,2022-10-29,50c9509d-22c7-4a22-a47d-8c48425ef4a7,PRESENT,NA,gbif.org
"Radianthus crispa (Hemprich & Ehrenberg, 1834)",166.436,-22.3,2022,10,29,2022-10-29,50c9509d-22c7-4a22-a47d-8c48425ef4a7,PRESENT,NA,gbif.org
"Radianthus crispa (Hemprich & Ehrenberg, 1834)",123.887528,-5.771697,2022,9,21,2022-09-21,50c9509d-22c7-4a22-a47d-8c48425ef4a7,PRESENT,NA,gbif.org
"Radianthus crispa (Hemprich & Ehrenberg, 1834)",123.887528,-5.771697,2022,9,17,2022-09-17,50c9509d-22c7-4a22-a47d-8c48425ef4a7,PRESENT,NA,gbif.org
"Radianthus crispa (Hemprich & Ehrenberg, 1834)",123.887528,-5.771697,2022,9,22,2022-09-22,50c9509d-22c7-4a22-a47d-8c48425ef4a7,PRESENT,NA,gbif.org
"Radianthus crispa (Hemprich & Ehrenberg, 1834)",166.436,-22.3,2022,10,21,2022-10-21,50c9509d-22c7-4a22-a47d-8c48425ef4a7,PRESENT,NA,gbif.org
"Radianthus crispa (Hemprich & Ehrenberg, 1834)",145.852402,-16.02512,2022,9,8,2022-09-08,50c9509d-22c7-4a22-a47d-8c48425ef4a7,PRESENT,NA,gbif.org
"Radianthus crispa (Hemprich & Ehrenberg, 1834)",34.842721,25.174071,2022,9,25,2022-09-25,50c9509d-22c7-4a22-a47d-8c48425ef4a7,PRESENT,NA,gbif.org
"Radianthus crispa (Hemprich & Ehrenberg, 1834)",153.26693,-30.205483,2022,9,24,2022-09-24,50c9509d-22c7-4a22-a47d-8c48425ef4a7,PRESENT,NA,gbif.org
"Radianthus crispa (Hemprich & Ehrenberg, 1834)",34.843749,25.172173,2022,9,25,2022-09-25,50c9509d-22c7-4a22-a47d-8c48425ef4a7,PRESENT,NA,gbif.org
"Radianthus crispa (Hemprich & Ehrenberg, 1834)",177.185415,-17.805097,2022,9,7,2022-09-07,50c9509d-22c7-4a22-a47d-8c48425ef4a7,PRESENT,NA,gbif.org
"Radianthus crispa (Hemprich & Ehrenberg, 1834)",177.185352,-17.792567,2022,6,24,2022-06-24,50c9509d-22c7-4a22-a47d-8c48425ef4a7,PRESENT,NA,gbif.org
"Radianthus crispa (Hemprich & Ehrenberg, 1834)",177.13854,-17.737437,2022,9,4,2022-09-04,50c9509d-22c7-4a22-a47d-8c48425ef4a7,PRESENT,NA,gbif.org
"Radianthus crispa (Hemprich & Ehrenberg, 1834)",34.739717,25.337049,2022,6,7,2022-06-07,50c9509d-22c7-4a22-a47d-8c48425ef4a7,PRESENT,NA,gbif.org
"Radianthus crispa (Hemprich & Ehrenberg, 1834)",166.4355,-22.296,2022,9,11,2022-09-11,50c9509d-22c7-4a22-a47d-8c48425ef4a7,PRESENT,NA,gbif.org
"Radianthus crispa (Hemprich & Ehrenberg, 1834)",39.541225,-6.181445,2021,12,22,2021-12-22,50c9509d-22c7-4a22-a47d-8c48425ef4a7,PRESENT,NA,gbif.org
"Radianthus crispa (Hemprich & Ehrenberg, 1834)",165.964318,-21.385183,2008,8,5,2008-08-05,50c9509d-22c7-4a22-a47d-8c48425ef4a7,PRESENT,NA,gbif.org
"Radianthus crispa (Hemprich & Ehrenberg, 1834)",153.26693,-30.205483,2022,8,6,2022-08-06,50c9509d-22c7-4a22-a47d-8c48425ef4a7,PRESENT,NA,gbif.org
"Radianthus crispa (Hemprich & Ehrenberg, 1834)",34.740491,25.337484,2022,8,24,2022-08-24,50c9509d-22c7-4a22-a47d-8c48425ef4a7,PRESENT,NA,gbif.org
"Radianthus crispa (Hemprich & Ehrenberg, 1834)",124.123901,11.330998,2022,8,16,2022-08-16,50c9509d-22c7-4a22-a47d-8c48425ef4a7,PRESENT,NA,gbif.org
"Radianthus crispa (Hemprich & Ehrenberg, 1834)",130.280768,-0.647013,2022,4,19,2022-04-19,50c9509d-22c7-4a22-a47d-8c48425ef4a7,PRESENT,NA,gbif.org
"Radianthus crispa (Hemprich & Ehrenberg, 1834)",153.26693,-30.205483,2022,8,28,2022-08-28,50c9509d-22c7-4a22-a47d-8c48425ef4a7,PRESENT,NA,gbif.org
"Radianthus crispa (Hemprich & Ehrenberg, 1834)",124.109343,11.342394,2022,8,14,2022-08-14,50c9509d-22c7-4a22-a47d-8c48425ef4a7,PRESENT,NA,gbif.org
"Radianthus crispa (Hemprich & Ehrenberg, 1834)",179.860727,-16.968561,2022,8,8,2022-08-08,50c9509d-22c7-4a22-a47d-8c48425ef4a7,PRESENT,NA,gbif.org
"Radianthus crispa (Hemprich & Ehrenberg, 1834)",136.204371,-1.241568,2022,6,18,2022-06-18,50c9509d-22c7-4a22-a47d-8c48425ef4a7,PRESENT,NA,gbif.org
"Heteractis crispa (Hemprich & Ehrenberg, 1834)",123.1361,-12.2773,2013,9,28,2013-09-28,7c93d290-6c8b-11de-8226-b8a03c50a862,PRESENT,NA,gbif.org
"Radianthus crispa (Hemprich & Ehrenberg, 1834)",153.26693,-30.205483,2022,7,17,2022-07-17,50c9509d-22c7-4a22-a47d-8c48425ef4a7,PRESENT,NA,gbif.org
"Radianthus crispa (Hemprich & Ehrenberg, 1834)",179.352249,-17.2762,2022,7,9,2022-07-09,50c9509d-22c7-4a22-a47d-8c48425ef4a7,PRESENT,NA,gbif.org
"Radianthus crispa (Hemprich & Ehrenberg, 1834)",179.35242,-17.277102,2022,7,9,2022-07-09,50c9509d-22c7-4a22-a47d-8c48425ef4a7,PRESENT,NA,gbif.org
"Radianthus crispa (Hemprich & Ehrenberg, 1834)",179.349502,-17.266939,2022,7,7,2022-07-07,50c9509d-22c7-4a22-a47d-8c48425ef4a7,PRESENT,NA,gbif.org
"Radianthus crispa (Hemprich & Ehrenberg, 1834)",179.347657,-17.281077,2022,7,3,2022-07-03,50c9509d-22c7-4a22-a47d-8c48425ef4a7,PRESENT,NA,gbif.org
"Radianthus crispa (Hemprich & Ehrenberg, 1834)",144.648886,13.378674,2022,7,14,2022-07-14,50c9509d-22c7-4a22-a47d-8c48425ef4a7,PRESENT,NA,gbif.org
"Radianthus crispa (Hemprich & Ehrenberg, 1834)",153.26693,-30.205483,2022,7,2,2022-07-02,50c9509d-22c7-4a22-a47d-8c48425ef4a7,PRESENT,NA,gbif.org
"Radianthus crispa (Hemprich & Ehrenberg, 1834)",179.34727,-17.280462,2022,7,3,2022-07-03,50c9509d-22c7-4a22-a47d-8c48425ef4a7,PRESENT,NA,gbif.org
"Radianthus crispa (Hemprich & Ehrenberg, 1834)",153.26693,-30.205483,2022,7,16,2022-07-16,50c9509d-22c7-4a22-a47d-8c48425ef4a7,PRESENT,NA,gbif.org
"Radianthus crispa (Hemprich & Ehrenberg, 1834)",119.916663,8.916663,2022,5,27,2022-05-27,50c9509d-22c7-4a22-a47d-8c48425ef4a7,PRESENT,NA,gbif.org
"Radianthus crispa (Hemprich & Ehrenberg, 1834)",34.738812,25.339601,2022,7,12,2022-07-12,50c9509d-22c7-4a22-a47d-8c48425ef4a7,PRESENT,NA,gbif.org
"Radianthus crispa (Hemprich & Ehrenberg, 1834)",166.097205,-21.512633,2008,7,31,2008-07-31,50c9509d-22c7-4a22-a47d-8c48425ef4a7,PRESENT,NA,gbif.org
"Radianthus crispa (Hemprich & Ehrenberg, 1834)",34.951925,29.557669,2022,6,8,2022-06-08,50c9509d-22c7-4a22-a47d-8c48425ef4a7,PRESENT,NA,gbif.org
"Radianthus crispa (Hemprich & Ehrenberg, 1834)",166.42167800000001,-22.423773,2022,6,12,2022-06-12,50c9509d-22c7-4a22-a47d-8c48425ef4a7,PRESENT,NA,gbif.org
"Radianthus crispa (Hemprich & Ehrenberg, 1834)",-178.965026,-23.625032,2022,5,22,2022-05-22,50c9509d-22c7-4a22-a47d-8c48425ef4a7,PRESENT,NA,gbif.org
"Radianthus crispa (Hemprich & Ehrenberg, 1834)",165.358295,-20.907485,2020,10,14,2020-10-14,50c9509d-22c7-4a22-a47d-8c48425ef4a7,PRESENT,NA,gbif.org
"Radianthus crispa (Hemprich & Ehrenberg, 1834)",144.722836,13.4793,2022,6,22,2022-06-22,50c9509d-22c7-4a22-a47d-8c48425ef4a7,PRESENT,NA,gbif.org
"Heteractis crispa (Hemprich & Ehrenberg, 1834)",151.870333,7.477333,1993,2,3,1993-02-03,44bcde48-ac71-46f2-bf73-24fc3c008b6c,PRESENT,5,gbif.org
"Radianthus crispa (Hemprich & Ehrenberg, 1834)",34.940449,29.523877,2022,2,24,2022-02-24,50c9509d-22c7-4a22-a47d-8c48425ef4a7,PRESENT,NA,gbif.org
"Radianthus crispa (Hemprich & Ehrenberg, 1834)",34.440872,28.023244,1999,5,4,1999-05-04,50c9509d-22c7-4a22-a47d-8c48425ef4a7,PRESENT,NA,gbif.org
"Radianthus crispa (Hemprich & Ehrenberg, 1834)",130.692844,-0.483695,2022,4,18,2022-04-18,50c9509d-22c7-4a22-a47d-8c48425ef4a7,PRESENT,NA,gbif.org
"Radianthus crispa (Hemprich & Ehrenberg, 1834)",153.26693,-30.205483,2022,4,18,2022-04-18,50c9509d-22c7-4a22-a47d-8c48425ef4a7,PRESENT,NA,gbif.org
"Radianthus crispa (Hemprich & Ehrenberg, 1834)",166.436,-22.3,2022,4,3,2022-04-03,50c9509d-22c7-4a22-a47d-8c48425ef4a7,PRESENT,NA,gbif.org
"Radianthus crispa (Hemprich & Ehrenberg, 1834)",144.654889,13.388472,2021,3,25,2021-03-25,50c9509d-22c7-4a22-a47d-8c48425ef4a7,PRESENT,NA,gbif.org
"Radianthus crispa (Hemprich & Ehrenberg, 1834)",144.653929,13.385771,2022,3,24,2022-03-24,50c9509d-22c7-4a22-a47d-8c48425ef4a7,PRESENT,NA,gbif.org
"Radianthus crispa (Hemprich & Ehrenberg, 1834)",166.4355,-22.296,2022,3,20,2022-03-20,50c9509d-22c7-4a22-a47d-8c48425ef4a7,PRESENT,NA,gbif.org
"Radianthus crispa (Hemprich & Ehrenberg, 1834)",166.373594,-22.323783,2009,6,28,2009-06-28,50c9509d-22c7-4a22-a47d-8c48425ef4a7,PRESENT,NA,gbif.org
"Radianthus crispa (Hemprich & Ehrenberg, 1834)",166.436,-22.3,2022,3,4,2022-03-04,50c9509d-22c7-4a22-a47d-8c48425ef4a7,PRESENT,NA,gbif.org
"Radianthus crispa (Hemprich & Ehrenberg, 1834)",34.940449,29.523877,2021,6,25,2021-06-25,50c9509d-22c7-4a22-a47d-8c48425ef4a7,PRESENT,NA,gbif.org
"Radianthus crispa (Hemprich & Ehrenberg, 1834)",166.971015,-22.353958,2020,7,14,2020-07-14,50c9509d-22c7-4a22-a47d-8c48425ef4a7,PRESENT,NA,gbif.org
"Radianthus crispa (Hemprich & Ehrenberg, 1834)",125.220423,9.087435,2009,6,5,2009-06-05,50c9509d-22c7-4a22-a47d-8c48425ef4a7,PRESENT,NA,gbif.org
"Radianthus crispa (Hemprich & Ehrenberg, 1834)",115.515432,-8.529384,2018,11,6,2018-11-06,50c9509d-22c7-4a22-a47d-8c48425ef4a7,PRESENT,NA,gbif.org
"Radianthus crispa (Hemprich & Ehrenberg, 1834)",153.100684,-30.9384,2021,11,20,2021-11-20,50c9509d-22c7-4a22-a47d-8c48425ef4a7,PRESENT,NA,gbif.org
"Radianthus crispa (Hemprich & Ehrenberg, 1834)",130.503071,-0.605679,2015,3,15,2015-03-15,50c9509d-22c7-4a22-a47d-8c48425ef4a7,PRESENT,NA,gbif.org
"Radianthus crispa (Hemprich & Ehrenberg, 1834)",34.739086,25.339596,2021,11,1,2021-11-01,50c9509d-22c7-4a22-a47d-8c48425ef4a7,PRESENT,NA,gbif.org
"Radianthus crispa (Hemprich & Ehrenberg, 1834)",34.776679,25.347935,2021,11,1,2021-11-01,50c9509d-22c7-4a22-a47d-8c48425ef4a7,PRESENT,NA,gbif.org
"Radianthus crispa (Hemprich & Ehrenberg, 1834)",128.120526,-3.71351,2017,3,16,2017-03-16,50c9509d-22c7-4a22-a47d-8c48425ef4a7,PRESENT,NA,gbif.org
"Radianthus crispa (Hemprich & Ehrenberg, 1834)",178.988775,-17.598907,2012,6,17,2012-06-17,50c9509d-22c7-4a22-a47d-8c48425ef4a7,PRESENT,NA,gbif.org
"Radianthus crispa (Hemprich & Ehrenberg, 1834)",178.991661,-17.599193,2011,5,27,2011-05-27,50c9509d-22c7-4a22-a47d-8c48425ef4a7,PRESENT,NA,gbif.org
"Radianthus crispa (Hemprich & Ehrenberg, 1834)",167.848449,-21.515703,2020,12,27,2020-12-27,50c9509d-22c7-4a22-a47d-8c48425ef4a7,PRESENT,NA,gbif.org
"Radianthus crispa (Hemprich & Ehrenberg, 1834)",-159.827954,-21.212091,2011,10,13,2011-10-13,50c9509d-22c7-4a22-a47d-8c48425ef4a7,PRESENT,NA,gbif.org
"Radianthus crispa (Hemprich & Ehrenberg, 1834)",166.387162,-20.720498,2008,1,8,2008-01-08,50c9509d-22c7-4a22-a47d-8c48425ef4a7,PRESENT,NA,gbif.org
"Radianthus crispa (Hemprich & Ehrenberg, 1834)",120.597156,9.00939,2017,5,27,2017-05-27,50c9509d-22c7-4a22-a47d-8c48425ef4a7,PRESENT,NA,gbif.org
"Radianthus crispa (Hemprich & Ehrenberg, 1834)",167.966767,-21.497491,2007,1,22,2007-01-22,50c9509d-22c7-4a22-a47d-8c48425ef4a7,PRESENT,NA,gbif.org
"Radianthus crispa (Hemprich & Ehrenberg, 1834)",124.107828,11.345201,2013,10,4,2013-10-04,50c9509d-22c7-4a22-a47d-8c48425ef4a7,PRESENT,NA,gbif.org
"Radianthus crispa (Hemprich & Ehrenberg, 1834)",167.155373,-20.70761,2008,1,19,2008-01-19,50c9509d-22c7-4a22-a47d-8c48425ef4a7,PRESENT,NA,gbif.org
"Radianthus crispa (Hemprich & Ehrenberg, 1834)",166.374592,-22.453504,2021,2,7,2021-02-07,50c9509d-22c7-4a22-a47d-8c48425ef4a7,PRESENT,NA,gbif.org
"Radianthus crispa (Hemprich & Ehrenberg, 1834)",72.86178,4.091021,2007,4,2,2007-04-02,50c9509d-22c7-4a22-a47d-8c48425ef4a7,PRESENT,NA,gbif.org
"Radianthus crispa (Hemprich & Ehrenberg, 1834)",164.190094,-20.658792,2008,10,9,2008-10-09,50c9509d-22c7-4a22-a47d-8c48425ef4a7,PRESENT,NA,gbif.org
"Radianthus crispa (Hemprich & Ehrenberg, 1834)",164.732019,-21.249862,2009,10,17,2009-10-17,50c9509d-22c7-4a22-a47d-8c48425ef4a7,PRESENT,NA,gbif.org
"Radianthus crispa (Hemprich & Ehrenberg, 1834)",39.392277,-5.83802,2021,10,2,2021-10-02,50c9509d-22c7-4a22-a47d-8c48425ef4a7,PRESENT,NA,gbif.org
"Radianthus crispa (Hemprich & Ehrenberg, 1834)",177.116048,-17.683264,2017,12,19,2017-12-19,50c9509d-22c7-4a22-a47d-8c48425ef4a7,PRESENT,NA,gbif.org
"Radianthus crispa (Hemprich & Ehrenberg, 1834)",120.703046,21.99617,2021,9,18,2021-09-18,50c9509d-22c7-4a22-a47d-8c48425ef4a7,PRESENT,NA,gbif.org
"Radianthus crispa (Hemprich & Ehrenberg, 1834)",164.604813,-21.004745,2010,1,17,2010-01-17,50c9509d-22c7-4a22-a47d-8c48425ef4a7,PRESENT,NA,gbif.org
"Radianthus crispa (Hemprich & Ehrenberg, 1834)",164.768413,-21.23827,2009,9,5,2009-09-05,50c9509d-22c7-4a22-a47d-8c48425ef4a7,PRESENT,NA,gbif.org
"Heteractis crispa (Hemprich & Ehrenberg, 1834)",125.65,7.10418,2021,8,30,2021-08-30,66f6192f-6cc0-45fd-a2d1-e76f5ae3eab2,PRESENT,6.4,gbif.org
"Radianthus crispa (Hemprich & Ehrenberg, 1834)",119.294135,-8.402305,2017,6,24,2017-06-24,50c9509d-22c7-4a22-a47d-8c48425ef4a7,PRESENT,NA,gbif.org
"Radianthus crispa (Hemprich & Ehrenberg, 1834)",167.445226,-22.66282,2017,4,22,2017-04-22,50c9509d-22c7-4a22-a47d-8c48425ef4a7,PRESENT,NA,gbif.org
"Radianthus crispa (Hemprich & Ehrenberg, 1834)",123.213851,10.18323,2021,7,17,2021-07-17,50c9509d-22c7-4a22-a47d-8c48425ef4a7,PRESENT,NA,gbif.org
"Radianthus crispa (Hemprich & Ehrenberg, 1834)",179.967136,-16.769873,2019,6,20,2019-06-20,50c9509d-22c7-4a22-a47d-8c48425ef4a7,PRESENT,NA,gbif.org
"Radianthus crispa (Hemprich & Ehrenberg, 1834)",124.782928,1.616652,2018,5,21,2018-05-21,50c9509d-22c7-4a22-a47d-8c48425ef4a7,PRESENT,NA,gbif.org
"Heteractis crispa (Hemprich & Ehrenberg, 1834)",32.688,-27.5299,2012,6,1,2012-06-01,0b1150c9-dfa8-4904-8bc5-b79b4e1930e6,PRESENT,NA,gbif.org
"Radianthus crispa (Hemprich & Ehrenberg, 1834)",56.364065,25.49236,2018,3,24,2018-03-24,50c9509d-22c7-4a22-a47d-8c48425ef4a7,PRESENT,NA,gbif.org
"Radianthus crispa (Hemprich & Ehrenberg, 1834)",166.43552,-22.312411,2011,6,25,2011-06-25,50c9509d-22c7-4a22-a47d-8c48425ef4a7,PRESENT,NA,gbif.org
"Radianthus crispa (Hemprich & Ehrenberg, 1834)",125.162211,1.741218,2013,9,7,2013-09-07,50c9509d-22c7-4a22-a47d-8c48425ef4a7,PRESENT,NA,gbif.org
"Radianthus crispa (Hemprich & Ehrenberg, 1834)",177.317147,-18.109216,2021,4,7,2021-04-07,50c9509d-22c7-4a22-a47d-8c48425ef4a7,PRESENT,NA,gbif.org
"Radianthus crispa (Hemprich & Ehrenberg, 1834)",124.782402,1.594809,2015,7,25,2015-07-25,50c9509d-22c7-4a22-a47d-8c48425ef4a7,PRESENT,NA,gbif.org
"Radianthus crispa (Hemprich & Ehrenberg, 1834)",124.782514,1.59924,2015,7,25,2015-07-25,50c9509d-22c7-4a22-a47d-8c48425ef4a7,PRESENT,NA,gbif.org
"Radianthus crispa (Hemprich & Ehrenberg, 1834)",127.274746,26.195518,2021,2,25,2021-02-25,50c9509d-22c7-4a22-a47d-8c48425ef4a7,PRESENT,NA,gbif.org
"Heteractis crispa (Hemprich & Ehrenberg, 1834)",145.45156,-14.703581,2020,1,26,2020-01-26,c6ca96bc-7cf5-4fe7-ac44-d01e06394ef3,PRESENT,NA,gbif.org
"Radianthus crispa (Hemprich & Ehrenberg, 1834)",145.451738,-14.703583,2020,1,26,2020-01-26,50c9509d-22c7-4a22-a47d-8c48425ef4a7,PRESENT,NA,gbif.org
"Heteractis crispa (Hemprich & Ehrenberg, 1834)",166.983333,-22.183333,1971,6,23,1971-06-23,7898cf5f-11e4-404c-87d2-1d5e3b3e0a18,PRESENT,0.15,gbif.org
"Heteractis crispa (Hemprich & Ehrenberg, 1834)",166.275,-22.178333,1971,6,29,1971-06-29,7898cf5f-11e4-404c-87d2-1d5e3b3e0a18,PRESENT,0.5,gbif.org
"Heteractis crispa (Hemprich & Ehrenberg, 1834)",166.409722,-22.325,1971,7,13,1971-07-13,7898cf5f-11e4-404c-87d2-1d5e3b3e0a18,PRESENT,3,gbif.org
"Heteractis crispa (Hemprich & Ehrenberg, 1834)",166.455,-22.316667,1971,7,8,1971-07-08,7898cf5f-11e4-404c-87d2-1d5e3b3e0a18,PRESENT,1,gbif.org
"Heteractis crispa (Hemprich & Ehrenberg, 1834)",166.446389,-22.305,1971,7,8,1971-07-08,7898cf5f-11e4-404c-87d2-1d5e3b3e0a18,PRESENT,1,gbif.org
"Heteractis crispa (Hemprich & Ehrenberg, 1834)",166.455,-22.183333,1971,6,23,1971-06-23,7898cf5f-11e4-404c-87d2-1d5e3b3e0a18,PRESENT,0.15,gbif.org
"Heteractis crispa (Hemprich & Ehrenberg, 1834)",-149.761,-17.5099,2008,10,26,2008-10-26,26098c25-8f7f-4c71-97ac-1d3db181c65e,PRESENT,23.5,gbif.org
"Radianthus crispa (Hemprich & Ehrenberg, 1834)",167.082086,-20.926528,2020,11,15,2020-11-15,50c9509d-22c7-4a22-a47d-8c48425ef4a7,PRESENT,NA,gbif.org
"Radianthus crispa (Hemprich & Ehrenberg, 1834)",153.100684,-30.9384,2020,10,6,2020-10-06,50c9509d-22c7-4a22-a47d-8c48425ef4a7,PRESENT,NA,gbif.org
"Radianthus crispa (Hemprich & Ehrenberg, 1834)",115.549535,-8.729055,2019,3,21,2019-03-21,50c9509d-22c7-4a22-a47d-8c48425ef4a7,PRESENT,NA,gbif.org
"Radianthus crispa (Hemprich & Ehrenberg, 1834)",117.481939,-8.249886,2020,11,9,2020-11-09,50c9509d-22c7-4a22-a47d-8c48425ef4a7,PRESENT,NA,gbif.org
"Radianthus crispa (Hemprich & Ehrenberg, 1834)",167.008111,-22.423775,2020,11,7,2020-11-07,50c9509d-22c7-4a22-a47d-8c48425ef4a7,PRESENT,NA,gbif.org
"Radianthus crispa (Hemprich & Ehrenberg, 1834)",117.427581,-8.378008,2020,11,8,2020-11-08,50c9509d-22c7-4a22-a47d-8c48425ef4a7,PRESENT,NA,gbif.org
"Radianthus crispa (Hemprich & Ehrenberg, 1834)",117.523831,-8.386571,2020,11,7,2020-11-07,50c9509d-22c7-4a22-a47d-8c48425ef4a7,PRESENT,NA,gbif.org
"Radianthus crispa (Hemprich & Ehrenberg, 1834)",166.491667,-20.422222,2020,1,17,2020-01-17,50c9509d-22c7-4a22-a47d-8c48425ef4a7,PRESENT,NA,gbif.org
"Radianthus crispa (Hemprich & Ehrenberg, 1834)",123.376755,9.414967,2003,5,26,2003-05-26,50c9509d-22c7-4a22-a47d-8c48425ef4a7,PRESENT,NA,gbif.org
"Radianthus crispa (Hemprich & Ehrenberg, 1834)",134.219772,7.316392,2020,3,18,2020-03-18,50c9509d-22c7-4a22-a47d-8c48425ef4a7,PRESENT,NA,gbif.org
"Radianthus crispa (Hemprich & Ehrenberg, 1834)",-149.297591,-17.799934,2019,11,28,2019-11-28,50c9509d-22c7-4a22-a47d-8c48425ef4a7,PRESENT,NA,gbif.org
"Radianthus crispa (Hemprich & Ehrenberg, 1834)",145.453956,-14.645768,2013,11,27,2013-11-27,50c9509d-22c7-4a22-a47d-8c48425ef4a7,PRESENT,NA,gbif.org
"Radianthus crispa (Hemprich & Ehrenberg, 1834)",48.529005,-12.907846,2015,11,11,2015-11-11,50c9509d-22c7-4a22-a47d-8c48425ef4a7,PRESENT,NA,gbif.org
"Radianthus crispa (Hemprich & Ehrenberg, 1834)",166.434329,-22.303771,2020,6,27,2020-06-27,50c9509d-22c7-4a22-a47d-8c48425ef4a7,PRESENT,NA,gbif.org
"Radianthus crispa (Hemprich & Ehrenberg, 1834)",145.769567,15.156831,2010,7,18,2010-07-18,50c9509d-22c7-4a22-a47d-8c48425ef4a7,PRESENT,NA,gbif.org
BOLD:ACQ2461,103.835,1.2146,2015,12,25,2015-12-25,040c5662-da76-4782-a48e-cdea1892d14c,PRESENT,NA,gbif.org
BOLD:ACQ2461,103.844,1.22087,2015,9,29,2015-09-29,040c5662-da76-4782-a48e-cdea1892d14c,PRESENT,NA,gbif.org
"Radianthus crispa (Hemprich & Ehrenberg, 1834)",115.448293,-8.738666,2015,6,26,2015-06-26,50c9509d-22c7-4a22-a47d-8c48425ef4a7,PRESENT,NA,gbif.org
"Radianthus crispa (Hemprich & Ehrenberg, 1834)",48.14423,-13.305364,2014,4,9,2014-04-09,50c9509d-22c7-4a22-a47d-8c48425ef4a7,PRESENT,NA,gbif.org
"Radianthus crispa (Hemprich & Ehrenberg, 1834)",73.549716,4.268488,2010,3,14,2010-03-14,50c9509d-22c7-4a22-a47d-8c48425ef4a7,PRESENT,NA,gbif.org
"Radianthus crispa (Hemprich & Ehrenberg, 1834)",125.786277,7.090008,2019,6,22,2019-06-22,50c9509d-22c7-4a22-a47d-8c48425ef4a7,PRESENT,NA,gbif.org
"Radianthus crispa (Hemprich & Ehrenberg, 1834)",134.262143,7.107244,2015,9,1,2015-09-01,50c9509d-22c7-4a22-a47d-8c48425ef4a7,PRESENT,NA,gbif.org
"Radianthus crispa (Hemprich & Ehrenberg, 1834)",118.624985,4.244632,2020,1,19,2020-01-19,50c9509d-22c7-4a22-a47d-8c48425ef4a7,PRESENT,NA,gbif.org
"Radianthus crispa (Hemprich & Ehrenberg, 1834)",124.755249,1.676549,2018,2,3,2018-02-03,50c9509d-22c7-4a22-a47d-8c48425ef4a7,PRESENT,NA,gbif.org
"Radianthus crispa (Hemprich & Ehrenberg, 1834)",119.033046,-8.429414,2019,9,1,2019-09-01,50c9509d-22c7-4a22-a47d-8c48425ef4a7,PRESENT,NA,gbif.org
"Radianthus crispa (Hemprich & Ehrenberg, 1834)",153.099802,-30.938676,2019,10,22,2019-10-22,50c9509d-22c7-4a22-a47d-8c48425ef4a7,PRESENT,NA,gbif.org
"Radianthus crispa (Hemprich & Ehrenberg, 1834)",127.768915,26.442948,2014,5,15,2014-05-15,50c9509d-22c7-4a22-a47d-8c48425ef4a7,PRESENT,NA,gbif.org
"Radianthus crispa (Hemprich & Ehrenberg, 1834)",177.18432,-17.176626,2010,12,2,2010-12-02,50c9509d-22c7-4a22-a47d-8c48425ef4a7,PRESENT,NA,gbif.org
"Radianthus crispa (Hemprich & Ehrenberg, 1834)",125.159877,1.794123,2019,9,8,2019-09-08,50c9509d-22c7-4a22-a47d-8c48425ef4a7,PRESENT,NA,gbif.org
Cereus crispus,38.290001,21.549999,NA,NA,NA,NA,adb92d68-aaff-47ba-b197-d3d26f72f728,PRESENT,NA,gbif.org
"Actinia paumotensis Couthouy, 1846",-144.940002,-16.1,NA,NA,NA,NA,adb92d68-aaff-47ba-b197-d3d26f72f728,PRESENT,NA,gbif.org
"Radianthus kuekenthali Kwietniewski, 1896",127.389999,0.78,NA,NA,NA,NA,adb92d68-aaff-47ba-b197-d3d26f72f728,PRESENT,NA,gbif.org
"Discosoma macrodactylum Haddon & Shackleton, 1893",144.070007,-9.92,NA,NA,NA,NA,adb92d68-aaff-47ba-b197-d3d26f72f728,PRESENT,1,gbif.org
Cereus paumotensis,-148.679993,-14.87,NA,NA,NA,NA,adb92d68-aaff-47ba-b197-d3d26f72f728,PRESENT,NA,gbif.org
"Radianthus macrodactylus (Haddon & Shackleton, 1893)",55.450001,-4.66,NA,NA,NA,NA,adb92d68-aaff-47ba-b197-d3d26f72f728,PRESENT,NA,gbif.org
"Radianthus crispa (Hemprich & Ehrenberg, 1834)",153.399994,-27.18,NA,NA,NA,NA,adb92d68-aaff-47ba-b197-d3d26f72f728,PRESENT,NA,gbif.org
"Radianthus crispa (Hemprich & Ehrenberg, 1834)",132.699997,-5.7,NA,NA,NA,NA,adb92d68-aaff-47ba-b197-d3d26f72f728,PRESENT,NA,gbif.org
"Radianthus kuekenthali Kwietniewski, 1896",144.270004,-3.73,NA,NA,NA,NA,adb92d68-aaff-47ba-b197-d3d26f72f728,PRESENT,16,gbif.org
"Radianthus crispa (Hemprich & Ehrenberg, 1834)",55.830002,-4.38,NA,NA,NA,NA,adb92d68-aaff-47ba-b197-d3d26f72f728,PRESENT,12,gbif.org
"Radianthus crispa (Hemprich & Ehrenberg, 1834)",128.160004,-3.7,NA,NA,NA,NA,adb92d68-aaff-47ba-b197-d3d26f72f728,PRESENT,NA,gbif.org
"Radianthus crispa (Hemprich & Ehrenberg, 1834)",153.399994,-30.1,NA,NA,NA,NA,adb92d68-aaff-47ba-b197-d3d26f72f728,PRESENT,NA,gbif.org
"Radianthus kuekenthali Kwietniewski, 1896",152.130005,-4.17,NA,NA,NA,NA,adb92d68-aaff-47ba-b197-d3d26f72f728,PRESENT,NA,gbif.org
"Radianthus crispa (Hemprich & Ehrenberg, 1834)",129.5,-3.1,NA,NA,NA,NA,adb92d68-aaff-47ba-b197-d3d26f72f728,PRESENT,NA,gbif.org
"Radianthus crispa (Hemprich & Ehrenberg, 1834)",127.949997,26.65,NA,NA,NA,NA,adb92d68-aaff-47ba-b197-d3d26f72f728,PRESENT,120,gbif.org
"Radianthus crispa (Hemprich & Ehrenberg, 1834)",166.410004,-22.299999,NA,NA,NA,NA,adb92d68-aaff-47ba-b197-d3d26f72f728,PRESENT,NA,gbif.org
"Radianthus crispa (Hemprich & Ehrenberg, 1834)",144.75,13.47,NA,NA,NA,NA,adb92d68-aaff-47ba-b197-d3d26f72f728,PRESENT,NA,gbif.org
"Radianthus crispa (Hemprich & Ehrenberg, 1834)",103.199997,4.1,NA,NA,NA,NA,adb92d68-aaff-47ba-b197-d3d26f72f728,PRESENT,NA,gbif.org
"Radianthus crispa (Hemprich & Ehrenberg, 1834)",55.529999,-4.73,NA,NA,NA,NA,adb92d68-aaff-47ba-b197-d3d26f72f728,PRESENT,10,gbif.org
"Radianthus crispa (Hemprich & Ehrenberg, 1834)",52.73,-7.08,NA,NA,NA,NA,adb92d68-aaff-47ba-b197-d3d26f72f728,PRESENT,10,gbif.org
"Radianthus crispa (Hemprich & Ehrenberg, 1834)",106.830002,-6.08,NA,NA,NA,NA,adb92d68-aaff-47ba-b197-d3d26f72f728,PRESENT,NA,gbif.org
"Radianthus crispa (Hemprich & Ehrenberg, 1834)",109.400002,12.82,NA,NA,NA,NA,adb92d68-aaff-47ba-b197-d3d26f72f728,PRESENT,11.5,gbif.org
"Radianthus crispa (Hemprich & Ehrenberg, 1834)",153.179993,-26.629999,NA,NA,NA,NA,adb92d68-aaff-47ba-b197-d3d26f72f728,PRESENT,NA,gbif.org
"Radianthus crispa (Hemprich & Ehrenberg, 1834)",151.899994,-23.43,NA,NA,NA,NA,adb92d68-aaff-47ba-b197-d3d26f72f728,PRESENT,NA,gbif.org
"Radianthus crispa (Hemprich & Ehrenberg, 1834)",150.699997,-5.7,NA,NA,NA,NA,adb92d68-aaff-47ba-b197-d3d26f72f728,PRESENT,NA,gbif.org
"Radianthus crispa (Hemprich & Ehrenberg, 1834)",129.839996,-4.53,NA,NA,NA,NA,adb92d68-aaff-47ba-b197-d3d26f72f728,PRESENT,NA,gbif.org
"Radianthus crispa (Hemprich & Ehrenberg, 1834)",145.470001,-14.67,NA,NA,NA,NA,adb92d68-aaff-47ba-b197-d3d26f72f728,PRESENT,NA,gbif.org
"Radianthus crispa (Hemprich & Ehrenberg, 1834)",52.720001,-7.03,NA,NA,NA,NA,adb92d68-aaff-47ba-b197-d3d26f72f728,PRESENT,25,gbif.org
"Radianthus crispa (Hemprich & Ehrenberg, 1834)",119.300003,-5.5,NA,NA,NA,NA,adb92d68-aaff-47ba-b197-d3d26f72f728,PRESENT,4,gbif.org
"Radianthus crispa (Hemprich & Ehrenberg, 1834)",53.349998,-5.45,NA,NA,NA,NA,adb92d68-aaff-47ba-b197-d3d26f72f728,PRESENT,10,gbif.org
"Radianthus crispa (Hemprich & Ehrenberg, 1834)",55.369999,-5.82,NA,NA,NA,NA,adb92d68-aaff-47ba-b197-d3d26f72f728,PRESENT,7,gbif.org
"Radianthus crispa (Hemprich & Ehrenberg, 1834)",142.259995,-9.89,NA,NA,NA,NA,adb92d68-aaff-47ba-b197-d3d26f72f728,PRESENT,NA,gbif.org
"Radianthus crispa (Hemprich & Ehrenberg, 1834)",34.950001,29.530001,NA,NA,NA,NA,adb92d68-aaff-47ba-b197-d3d26f72f728,PRESENT,7.5,gbif.org
"Radianthus crispa (Hemprich & Ehrenberg, 1834)",153.630005,-28.629999,NA,NA,NA,NA,adb92d68-aaff-47ba-b197-d3d26f72f728,PRESENT,NA,gbif.org
"Radianthus crispa (Hemprich & Ehrenberg, 1834)",145.5,-14.63,NA,NA,NA,NA,adb92d68-aaff-47ba-b197-d3d26f72f728,PRESENT,NA,gbif.org
"Radianthus kuekenthali Kwietniewski, 1896",93.699997,7.2,NA,NA,NA,NA,adb92d68-aaff-47ba-b197-d3d26f72f728,PRESENT,NA,gbif.org
"Radianthus crispa (Hemprich & Ehrenberg, 1834)",153.380005,-29.92,NA,NA,NA,NA,adb92d68-aaff-47ba-b197-d3d26f72f728,PRESENT,15,gbif.org
"Heteractis macrodactylum (Haddon & Shackleton, 1893)",162.240005,11.64,NA,NA,NA,NA,adb92d68-aaff-47ba-b197-d3d26f72f728,PRESENT,NA,gbif.org
"Radianthus crispa (Hemprich & Ehrenberg, 1834)",53.299999,-5.75,NA,NA,NA,NA,adb92d68-aaff-47ba-b197-d3d26f72f728,PRESENT,17.5,gbif.org
"Radianthus crispa (Hemprich & Ehrenberg, 1834)",55.349998,-5.83,NA,NA,NA,NA,adb92d68-aaff-47ba-b197-d3d26f72f728,PRESENT,4,gbif.org
"Radianthus kuekenthali Kwietniewski, 1896",128,26.08,NA,NA,NA,NA,adb92d68-aaff-47ba-b197-d3d26f72f728,PRESENT,NA,gbif.org
"Radianthus kuekenthali Kwietniewski, 1896",139.5,34.080002,NA,NA,NA,NA,adb92d68-aaff-47ba-b197-d3d26f72f728,PRESENT,NA,gbif.org
"Radianthus kuekenthali Kwietniewski, 1896",124.040001,24.35,NA,NA,NA,NA,adb92d68-aaff-47ba-b197-d3d26f72f728,PRESENT,7.5,gbif.org
"Radianthus crispa (Hemprich & Ehrenberg, 1834)",127.282997,26.18,NA,NA,NA,NA,adb92d68-aaff-47ba-b197-d3d26f72f728,PRESENT,7.1499999999999995,gbif.org
"Radianthus crispa (Hemprich & Ehrenberg, 1834)",145.789993,-5.23,NA,NA,NA,NA,adb92d68-aaff-47ba-b197-d3d26f72f728,PRESENT,15,gbif.org
"Radianthus crispa (Hemprich & Ehrenberg, 1834)",153.630005,-28.299999,NA,NA,NA,NA,adb92d68-aaff-47ba-b197-d3d26f72f728,PRESENT,NA,gbif.org
"Radianthus crispa (Hemprich & Ehrenberg, 1834)",55.529999,-4.78,NA,NA,NA,NA,adb92d68-aaff-47ba-b197-d3d26f72f728,PRESENT,15,gbif.org
"Radianthus crispa (Hemprich & Ehrenberg, 1834)",52.720001,-7,NA,NA,NA,NA,adb92d68-aaff-47ba-b197-d3d26f72f728,PRESENT,12.5,gbif.org
"Radianthus crispa (Hemprich & Ehrenberg, 1834)",145.679993,-15.53,NA,NA,NA,NA,adb92d68-aaff-47ba-b197-d3d26f72f728,PRESENT,NA,gbif.org
"Antheopsis crispa (Ehrenberg, 1834)",33.84,27.23,NA,NA,NA,NA,adb92d68-aaff-47ba-b197-d3d26f72f728,PRESENT,NA,gbif.org
"Radianthus crispa (Hemprich & Ehrenberg, 1834)",-143,-17.299999,NA,NA,NA,NA,adb92d68-aaff-47ba-b197-d3d26f72f728,PRESENT,NA,gbif.org
"Radianthus crispa (Hemprich & Ehrenberg, 1834)",153.100006,-30.83,NA,NA,NA,NA,adb92d68-aaff-47ba-b197-d3d26f72f728,PRESENT,NA,gbif.org
"Radianthus crispa (Hemprich & Ehrenberg, 1834)",115.50184900000001,-8.667677,2019,8,25,2019-08-25,50c9509d-22c7-4a22-a47d-8c48425ef4a7,PRESENT,NA,gbif.org
"Radianthus crispa (Hemprich & Ehrenberg, 1834)",109.421147,12.872686,2019,6,30,2019-06-30,50c9509d-22c7-4a22-a47d-8c48425ef4a7,PRESENT,NA,gbif.org
"Heteractis crispa (Hemprich & Ehrenberg, 1834)",166.415544,-22.324285,1971,7,13,1971-07-13,0d0f1fc9-3dff-435d-ad51-907485ea584c,PRESENT,3,gbif.org
"Heteractis crispa (Hemprich & Ehrenberg, 1834)",166.460285,-22.28898,1971,7,8,1971-07-08,0d0f1fc9-3dff-435d-ad51-907485ea584c,PRESENT,NA,gbif.org
"Heteractis crispa (Hemprich & Ehrenberg, 1834)",166.99095,-22.193195,1971,6,23,1971-06-23,0d0f1fc9-3dff-435d-ad51-907485ea584c,PRESENT,NA,gbif.org
"Heteractis crispa (Hemprich & Ehrenberg, 1834)",145.442075,-14.685149,2012,3,28,2012-03-28,7447a228-a4cf-414b-87e4-3aba15275580,PRESENT,NA,gbif.org
"Heteractis crispa (Hemprich & Ehrenberg, 1834)",145.45221,-14.684808,2009,4,15,2009-04-15,7447a228-a4cf-414b-87e4-3aba15275580,PRESENT,NA,gbif.org
"Heteractis crispa (Hemprich & Ehrenberg, 1834)",145.445515,-14.676422,2009,4,15,2009-04-15,7447a228-a4cf-414b-87e4-3aba15275580,PRESENT,NA,gbif.org
"Heteractis crispa (Hemprich & Ehrenberg, 1834)",119.333333,-5.05,NA,NA,NA,NA,4c7c21a8-68d3-49c5-b090-6b26259a291b,PRESENT,NA,gbif.org
"Heteractis crispa (Hemprich & Ehrenberg, 1834)",119.283333,-5.1,NA,NA,NA,NA,4c7c21a8-68d3-49c5-b090-6b26259a291b,PRESENT,NA,gbif.org
"Heteractis crispa (Hemprich & Ehrenberg, 1834)",119.283333,-4.95,NA,NA,NA,NA,4c7c21a8-68d3-49c5-b090-6b26259a291b,PRESENT,NA,gbif.org
"Heteractis crispa (Hemprich & Ehrenberg, 1834)",123.978667,10.1855,NA,NA,NA,NA,4c7c21a8-68d3-49c5-b090-6b26259a291b,PRESENT,NA,gbif.org
"Heteractis crispa (Hemprich & Ehrenberg, 1834)",120.75,-9.916667,NA,NA,NA,NA,4c7c21a8-68d3-49c5-b090-6b26259a291b,PRESENT,NA,gbif.org
"Heteractis crispa (Hemprich & Ehrenberg, 1834)",128.116667,-3.766667,NA,NA,NA,NA,4c7c21a8-68d3-49c5-b090-6b26259a291b,PRESENT,NA,gbif.org
"Heteractis crispa (Hemprich & Ehrenberg, 1834)",120.441667,-6.466667,NA,NA,NA,NA,4c7c21a8-68d3-49c5-b090-6b26259a291b,PRESENT,NA,gbif.org
"Heteractis crispa (Hemprich & Ehrenberg, 1834)",123.983333,-5.916667,NA,NA,NA,NA,4c7c21a8-68d3-49c5-b090-6b26259a291b,PRESENT,NA,gbif.org
"Heteractis crispa (Hemprich & Ehrenberg, 1834)",55.533333,-4.75,NA,NA,NA,NA,4c7c21a8-68d3-49c5-b090-6b26259a291b,PRESENT,NA,gbif.org
"Heteractis crispa (Hemprich & Ehrenberg, 1834)",53.35,-5.45,NA,NA,NA,NA,4c7c21a8-68d3-49c5-b090-6b26259a291b,PRESENT,NA,gbif.org
"Heteractis crispa (Hemprich & Ehrenberg, 1834)",118.24,-8.32,NA,NA,NA,NA,4c7c21a8-68d3-49c5-b090-6b26259a291b,PRESENT,NA,gbif.org
"Heteractis crispa (Hemprich & Ehrenberg, 1834)",127.516667,-5.466667,NA,NA,NA,NA,4c7c21a8-68d3-49c5-b090-6b26259a291b,PRESENT,NA,gbif.org
"Heteractis crispa (Hemprich & Ehrenberg, 1834)",52.716667,-7,NA,NA,NA,NA,4c7c21a8-68d3-49c5-b090-6b26259a291b,PRESENT,NA,gbif.org
"Heteractis crispa (Hemprich & Ehrenberg, 1834)",128.116667,-3.7,NA,NA,NA,NA,4c7c21a8-68d3-49c5-b090-6b26259a291b,PRESENT,NA,gbif.org
"Heteractis crispa (Hemprich & Ehrenberg, 1834)",55.366667,-5.816667,NA,NA,NA,NA,4c7c21a8-68d3-49c5-b090-6b26259a291b,PRESENT,NA,gbif.org
"Heteractis crispa (Hemprich & Ehrenberg, 1834)",53.3,-5.733333,NA,NA,NA,NA,4c7c21a8-68d3-49c5-b090-6b26259a291b,PRESENT,NA,gbif.org
"Heteractis crispa (Hemprich & Ehrenberg, 1834)",123.8,-5.933333,NA,NA,NA,NA,4c7c21a8-68d3-49c5-b090-6b26259a291b,PRESENT,NA,gbif.org
"Heteractis crispa (Hemprich & Ehrenberg, 1834)",128.133333,-3.75,NA,NA,NA,NA,4c7c21a8-68d3-49c5-b090-6b26259a291b,PRESENT,NA,gbif.org
"Heteractis crispa (Hemprich & Ehrenberg, 1834)",128.133333,-3.683333,NA,NA,NA,NA,4c7c21a8-68d3-49c5-b090-6b26259a291b,PRESENT,NA,gbif.org
"Heteractis crispa (Hemprich & Ehrenberg, 1834)",55.833333,-4.383333,NA,NA,NA,NA,4c7c21a8-68d3-49c5-b090-6b26259a291b,PRESENT,NA,gbif.org
"Heteractis crispa (Hemprich & Ehrenberg, 1834)",55.35,-5.816667,NA,NA,NA,NA,4c7c21a8-68d3-49c5-b090-6b26259a291b,PRESENT,NA,gbif.org
"Heteractis crispa (Hemprich & Ehrenberg, 1834)",52.733333,-7.083333,NA,NA,NA,NA,4c7c21a8-68d3-49c5-b090-6b26259a291b,PRESENT,NA,gbif.org
"Radianthus crispa (Hemprich & Ehrenberg, 1834)",153.388173,-29.923336,2015,10,25,2015-10-25,50c9509d-22c7-4a22-a47d-8c48425ef4a7,PRESENT,NA,gbif.org
"Radianthus crispa (Hemprich & Ehrenberg, 1834)",34.972155,29.424132,2018,5,9,2018-05-09,50c9509d-22c7-4a22-a47d-8c48425ef4a7,PRESENT,NA,gbif.org
"Radianthus crispa (Hemprich & Ehrenberg, 1834)",115.336124,-8.676982,2019,8,22,2019-08-22,50c9509d-22c7-4a22-a47d-8c48425ef4a7,PRESENT,NA,gbif.org
"Radianthus crispa (Hemprich & Ehrenberg, 1834)",125.721381,6.935347,2017,10,13,2017-10-13,50c9509d-22c7-4a22-a47d-8c48425ef4a7,PRESENT,NA,gbif.org
"Radianthus crispa (Hemprich & Ehrenberg, 1834)",124.251404,11.114985,2018,12,10,2018-12-10,50c9509d-22c7-4a22-a47d-8c48425ef4a7,PRESENT,NA,gbif.org
BOLD:ACQ2461,113.965385,0.15592,NA,NA,NA,NA,040c5662-da76-4782-a48e-cdea1892d14c,PRESENT,NA,gbif.org
BOLD:ACQ2461,54.237076,32.906025,NA,NA,NA,NA,040c5662-da76-4782-a48e-cdea1892d14c,PRESENT,NA,gbif.org
"Radianthus crispa (Hemprich & Ehrenberg, 1834)",124.017668,11.449514,2019,3,26,2019-03-26,50c9509d-22c7-4a22-a47d-8c48425ef4a7,PRESENT,NA,gbif.org
"Radianthus crispa (Hemprich & Ehrenberg, 1834)",37.606875,19.900906,2017,5,1,2017-05-01,50c9509d-22c7-4a22-a47d-8c48425ef4a7,PRESENT,NA,gbif.org
"Radianthus crispa (Hemprich & Ehrenberg, 1834)",125.240847,1.459931,2019,1,28,2019-01-28,50c9509d-22c7-4a22-a47d-8c48425ef4a7,PRESENT,NA,gbif.org
"Radianthus crispa (Hemprich & Ehrenberg, 1834)",125.190843,24.862975,2014,7,19,2014-07-19,50c9509d-22c7-4a22-a47d-8c48425ef4a7,PRESENT,NA,gbif.org
"Radianthus crispa (Hemprich & Ehrenberg, 1834)",124.778057,1.626197,2018,3,22,2018-03-22,50c9509d-22c7-4a22-a47d-8c48425ef4a7,PRESENT,NA,gbif.org
"Radianthus crispa (Hemprich & Ehrenberg, 1834)",34.255672,27.74629,2015,6,26,2015-06-26,50c9509d-22c7-4a22-a47d-8c48425ef4a7,PRESENT,NA,gbif.org
"Radianthus crispa (Hemprich & Ehrenberg, 1834)",124.742203,1.61533,2017,12,21,2017-12-21,50c9509d-22c7-4a22-a47d-8c48425ef4a7,PRESENT,NA,gbif.org
"Radianthus crispa (Hemprich & Ehrenberg, 1834)",124.704759,1.417242,2017,12,19,2017-12-19,50c9509d-22c7-4a22-a47d-8c48425ef4a7,PRESENT,NA,gbif.org
"Radianthus crispa (Hemprich & Ehrenberg, 1834)",125.680145,6.962025,2012,9,1,2012-09-01,50c9509d-22c7-4a22-a47d-8c48425ef4a7,PRESENT,NA,gbif.org
"Heteractis crispa (Hemprich & Ehrenberg, 1834)",145.478597,-14.671698,2013,4,21,2013-04-21,c6ca96bc-7cf5-4fe7-ac44-d01e06394ef3,PRESENT,NA,gbif.org
"Heteractis crispa (Hemprich & Ehrenberg, 1834)",145.453979,-14.645012,2013,11,27,2013-11-27,c6ca96bc-7cf5-4fe7-ac44-d01e06394ef3,PRESENT,NA,gbif.org
"Heteractis crispa (Hemprich & Ehrenberg, 1834)",145.664485,-14.664059,2013,11,30,2013-11-30,c6ca96bc-7cf5-4fe7-ac44-d01e06394ef3,PRESENT,NA,gbif.org
"Heteractis crispa (Hemprich & Ehrenberg, 1834)",145.465808,-14.692428,2007,11,1,2007-11-01,c6ca96bc-7cf5-4fe7-ac44-d01e06394ef3,PRESENT,NA,gbif.org
"Radianthus crispa (Hemprich & Ehrenberg, 1834)",127.305226,26.233338,2015,6,30,2015-06-30,50c9509d-22c7-4a22-a47d-8c48425ef4a7,PRESENT,NA,gbif.org
"Heteractis crispa (Hemprich & Ehrenberg, 1834)",147.731003,-18.945,1987,2,2,1987-02-02,be62fffc-d0e7-45f2-9404-d4bc4322bc57,PRESENT,7,gbif.org
"Radianthus crispa (Hemprich & Ehrenberg, 1834)",39.026238,22.217319,2015,3,12,2015-03-12,50c9509d-22c7-4a22-a47d-8c48425ef4a7,PRESENT,NA,gbif.org
"Radianthus crispa (Hemprich & Ehrenberg, 1834)",145.444722,-14.687223,2014,7,24,2014-07-24,50c9509d-22c7-4a22-a47d-8c48425ef4a7,PRESENT,NA,gbif.org
"Heteractis crispa (Hemprich & Ehrenberg, 1834)",0,0,NA,NA,NA,NA,95c6d414-f762-11e1-a439-00145eb45e9a,PRESENT,NA,gbif.org
"Radianthus crispa (Hemprich & Ehrenberg, 1834)",153.266047,-30.206662,2009,4,10,2009-04-10,50c9509d-22c7-4a22-a47d-8c48425ef4a7,PRESENT,NA,gbif.org
BOLD:ACQ2461,145.553,-14.824,2010,9,6,2010-09-06,040c5662-da76-4782-a48e-cdea1892d14c,PRESENT,NA,gbif.org
BOLD:ACQ2461,145.553,-14.824,2010,9,11,2010-09-11,040c5662-da76-4782-a48e-cdea1892d14c,PRESENT,NA,gbif.org
"Heteractis crispa (Hemprich & Ehrenberg, 1834)",46.2067,-9.3983,1967,8,25,1967-08-25,821cc27a-e3bb-4bc5-ac34-89ada245069d,PRESENT,1.5,gbif.org
"Heteractis crispa (Hemprich & Ehrenberg, 1834)",115.42,-20.6783,1966,9,13,1966-09-13,821cc27a-e3bb-4bc5-ac34-89ada245069d,PRESENT,NA,gbif.org
"Heteractis crispa (Hemprich & Ehrenberg, 1834)",175.57,-1.87,1951,8,20,1951-08-20,821cc27a-e3bb-4bc5-ac34-89ada245069d,PRESENT,NA,gbif.org
"Heteractis crispa (Hemprich & Ehrenberg, 1834)",48.248,-13.405,1964,1,21,1964-01-21,821cc27a-e3bb-4bc5-ac34-89ada245069d,PRESENT,NA,gbif.org
"Heteractis crispa (Hemprich & Ehrenberg, 1834)",125.3667,-15.1666,1987,5,26,1987-05-26,7c93d290-6c8b-11de-8226-b8a03c50a862,PRESENT,NA,gbif.org
"Heteractis crispa (Hemprich & Ehrenberg, 1834)",124.625,-15.49,1990,7,11,1990-07-11,7c93d290-6c8b-11de-8226-b8a03c50a862,PRESENT,NA,gbif.org
"Heteractis crispa (Hemprich & Ehrenberg, 1834)",122.9847,-12.2622,1986,9,12,1986-09-12,7c93d290-6c8b-11de-8226-b8a03c50a862,PRESENT,NA,gbif.org
"Heteractis crispa (Hemprich & Ehrenberg, 1834)",105.6167,-10.4833,1961,7,1,1961-07-01,7c93d290-6c8b-11de-8226-b8a03c50a862,PRESENT,NA,gbif.org
"Heteractis crispa (Hemprich & Ehrenberg, 1834)",127.33333,0.81666,NA,NA,NA,NA,56aa0680-0c60-11dd-84cd-b8a03c50a862,PRESENT,NA,gbif.org
"Heteractis crispa (Hemprich & Ehrenberg, 1834)",128.16666,-3.68333,1892,NA,NA,NA,56aa0680-0c60-11dd-84cd-b8a03c50a862,PRESENT,NA,gbif.org
